Workbook

Sheet 00_Index
A1: Sacred Adventures — Decision Engine
A2: Layered map of the live system for AI and humans. Read top-down: each level is more exact than the last. Built 2026-10-22 at commit e22e24d. Zero-trust: 'Assumed' = comments/docs, 'Verified' = measured.
A4: Sheet | B4: Level | C4: What it holds | D4: Read it when | E4: Rows
A5: 10_System | B5: L1 System | C5: Headline facts about the whole system, computed from the deeper sheets. | D5: Start of every session; after a rebuild. | E5: —
A6: 11_Boot_Sequence | B6: L1 System | C6: Exact module activation order from index.html. | D6: Adding, removing or reordering modules. | E6: =COUNTA('11_Boot_Sequence'!A5:A2000)
A7: 12_Frame_Loop | B7: L1 System | C7: What runs inside one RAF frame, in order, with cadence and cost class. | D7: Any FPS or stutter problem. | E7: =COUNTA('12_Frame_Loop'!A5:A2000)
A8: 20_Subsystems | B8: L2 Subsystems | C8: Each subsystem: assumed role vs verified reality, size, members, findings, plan. | D8: Choosing where a change belongs. | E8: =COUNTA('20_Subsystems'!A5:A2000)
A9: 30_Modules | B9: L3 Modules | C9: Every JS file: status, assumed vs verified behaviour, and all connections. | D9: Before editing any file. | E9: =COUNTA('30_Modules'!A5:A2000)
A10: 40_Connections | B10: L4 Contracts | C10: Every edge: imports, globals, ANU events, services, assets, postMessage. | D10: Tracing what a change will touch. | E10: =COUNTA('40_Connections'!A5:A2000)
A11: 41_Globals | B11: L4 Contracts | C11: window.* names written/read by live code — the de-facto integration layer. | D11: A value changes unexpectedly. | E11: =COUNTA('41_Globals'!A5:A2000)
A12: 42_Events | B12: L4 Contracts | C12: ANU_EVENTS vocabulary: who dispatches, who subscribes. | D12: Wiring behaviour through ANU. | E12: =COUNTA('42_Events'!A5:A2000)
A13: 43_Services | B13: L4 Contracts | C13: RuntimeServices registry: registrations and consumers. | D13: Adding a cross-module dependency. | E13: =COUNTA('43_Services'!A5:A2000)
A14: 44_Limbo_Calls | B14: L4 Contracts | C14: Every message, event, service, window function and DOM id sent by live code, matched to a receiver. | D14: A call or message seems to do nothing. | E14: =COUNTA('44_Limbo_Calls'!A5:A2000)
A15: 50_Findings | B15: L5 Evidence | C15: Forensic findings: assumed vs verified, file:line evidence, fix, plan link. | D15: Prioritising work; proving a claim. | E15: =COUNTA('50_Findings'!A5:A2000)
A16: 51_Assets | B16: L5 Evidence | C16: Measured geometry and textures of every live 3D asset, boot totals, and lite variants. | D16: Any GPU memory or triangle question. | E16: =COUNTA('51_Assets'!A5:A2000)
A17: 52_Claims_vs_Verified | B17: L5 Evidence | C17: Statements in docs/comments checked against the code. | D17: Before trusting any comment or doc. | E17: =COUNTA('52_Claims_vs_Verified'!A5:A2000)
A18: 60_Plan | B18: L6 Plan | C18: Ordered optimisation plan tied to findings and files, with acceptance tests and status. | D18: Deciding the next step; updating progress. | E18: =COUNTA('60_Plan'!A5:A2000)
A19: 61_Decision_Log | B19: L6 Plan | C19: Why each choice was made, the evidence, and how it was verified. | D19: Repeating an error; revisiting a choice. | E19: =COUNTA('61_Decision_Log'!A5:A2000)
A20: 62_Review_Playbook | B20: L6 Plan | C20: Symptom → where to cut in → mechanical check → last result. | D20: A known symptom reappears. | E20: =COUNTA('62_Review_Playbook'!A5:A2000)
A21: 63_Attempts_Ledger | B21: L6 Plan | C21: What was tried, by whom, the result, and whether it must not be retried. | D21: Before trying a fix — check it has not already failed. | E21: =COUNTA('63_Attempts_Ledger'!A5:A2000)
A22: 70_Session_Log | B22: L7 Session | C22: What was done, in order, and the next step. | D22: Resuming work. | E22: =COUNTA('70_Session_Log'!A5:A2000)
A23: 90_Glossary | B23: Reference | C23: Terms used across the workbook. | D23: An unfamiliar term. | E23: =COUNTA('90_Glossary'!A5:A2000)
A25: ID scheme | B25: SUB- subsystem · MOD- file · AST- asset · EDG- edge · GLB- global · EVT- event · SVC- service · LMB- limbo call · FND- finding · CLM- claim · PLN- plan · DEC- decision · RVW- review · ATT- attempt · LOG- session.
A26: How to navigate | B26: Problem → 62_Review_Playbook (symptom) → 50_Findings (evidence) → 30_Modules (file + connections) → 40_Connections (blast radius) → 60_Plan.
A27: Update protocol | B27: Before a fix: check 63_Attempts_Ledger. After any code change: rerun tools/decision-engine/rebuild.sh, search for 'NOT FOUND', update 60_Plan, append to 63_Attempts_Ledger and 70_Session_Log.
A28: Repo rules that bind edits | B28: Scope lock (name files + reason before editing) · never obscure #pipCanvas / PiP without explicit approval · no destructive git.
A29: Not measured here | B29: Runtime FPS, GPU timings, real draw calls: no browser ran in this environment. Those cells say 'est.' or 'not profiled'.

Sheet 10_System
A1: System facts
A2: Counts and totals are formulas over the deeper sheets; inputs from code are cited
A4: Fact | B4: Value | C4: Source / formula basis
A5: Repository commit | B5: e22e24d | C5: git rev-parse --short HEAD at build
A6: Workbook built | B6: 2026-10-22 | C6: build_engine.py
A7: Live entry page | B7: index.html | C7: index.html:L431
A8: Legacy entry page | B8: index.v2.html (linked from launch.html) | C8: launch.html:L133
A9: Files tracked in 30_Modules | B9: =COUNTA('30_Modules'!$A$5:$A$111) | C9: 30_Modules
A10: Active modules | B10: =COUNTIF('30_Modules'!$E$5:$E$111,"Active") | C10: 30_Modules status
A11: Imported libraries (no lifecycle) | B11: =COUNTIF('30_Modules'!$E$5:$E$111,"Imported library (no module lifecycle)") | C11: 30_Modules status
A12: Registered, activation commented out | B12: =COUNTIF('30_Modules'!$E$5:$E$111,"Registered, activation commented out") | C12: 30_Modules status
A13: Legacy v2 build only | B13: =COUNTIF('30_Modules'!$E$5:$E$111,"Legacy v2 build only (index.v2.html)") | C13: 30_Modules status
A14: Unreferenced by any entry page | B14: =COUNTIF('30_Modules'!$E$5:$E$111,"Unreferenced by any entry page") | C14: 30_Modules status
A15: Boot triangles (desktop, measured assets) | B15: ='51_Assets'!F22 | C15: 51_Assets totals
A16: Boot texture VRAM est. (MB, per context) | B16: ='51_Assets'!J22 | C16: 51_Assets totals
A17: WebGL contexts on desktop | B17: 2 | C17: js/v2/Orchestrator.js:L1114
A18: Calls with no live receiver (limbo) | B18: =COUNTIF('44_Limbo_Calls'!$F$5:$F$205,"LIMBO*") | C18: 44_Limbo_Calls
A19: Boot triangles before PLN-01 + PLN-02 | B19: ='51_Assets'!F23 | C19: 51_Assets totals
A20: Texture VRAM before PLN-01 + PLN-02 (MB) | B20: ='51_Assets'!J24 | C20: 51_Assets totals
A21: Triangles removed by PLN-01 + PLN-02 | B21: ='51_Assets'!F23-'51_Assets'!F22 | C21: difference
A22: Live globals (window.*) | B22: =COUNTA('41_Globals'!$A$5:$A$113) | C22: 41_Globals
A23: ANU events with a live subscriber | B23: =COUNTIF('42_Events'!$F$5:$F$29,"Live round trip") | C23: 42_Events
A24: Open findings (Critical + High) | B24: =COUNTIF('50_Findings'!$B$5:$B$48,"Critical")+COUNTIF('50_Findings'!$B$5:$B$48,"High") | C24: 50_Findings
A25: Plan steps done (incl. code-done awaiting browser check) | B25: =COUNTIF('60_Plan'!$G$5:$G$25,"Done*")&" of "&COUNTA('60_Plan'!$A$5:$A$25) | C25: 60_Plan status
A26: PiP stride baseline / max | B26: 16 / 22 | C26: js/v2/constants.js:L63 · js/v2/constants.js:L73
A27: Target FPS constant | B27: 65 | C27: js/v2/constants.js:L66
A28: Main renderer DPR cap (desktop / mobile) | B28: 1.5 / 1.0 | C28: js/v2/Orchestrator.js:L130
A29: Save key (localStorage) | B29: v4.sanctuary.save | C29: js/sanctuary/SanctuaryControls.js:L21

Sheet 11_Boot_Sequence
A1: Boot sequence
A2: Activation order in index.html · evidence re-located at build · commit e22e24d
A4: Order | B4: Module name | C4: Module ID | D4: File | E4: Subsystem | F4: Suspended while fishing | G4: Evidence
A5: 1 | B5: Anu | C5: MOD-049 | D5: js/v2/AnuModule.js | E5: SUB-03 | G5: index.html:L497
A6: 2 | B6: AnuAdaptiveDpr | C6: MOD-002 | D6: js/sanctuary/AnuAdaptiveDpr.js | E6: SUB-04 | G6: index.html:L500
A7: 3 | B7: SanctuaryGround | C7: MOD-027 | D7: js/sanctuary/SanctuaryGround.js | E7: SUB-06 | G7: index.html:L503
A8: 4 | B8: SanctuaryPool | C8: MOD-035 | D8: js/sanctuary/SanctuaryPool.js | E8: SUB-06 | G8: index.html:L506
A9: 5 | B9: SanctuaryDock | C9: MOD-019 | D9: js/sanctuary/SanctuaryDock.js | E9: SUB-06 | G9: index.html:L509
A10: 6 | B10: SanctuaryFish | C10: MOD-021 | D10: js/sanctuary/SanctuaryFish.js | E10: SUB-07 | G10: index.html:L512
A11: 7 | B11: SanctuaryCircles | C11: MOD-014 | D11: js/sanctuary/SanctuaryCircles.js | E11: SUB-06 | G11: index.html:L515
A12: 8 | B12: SanctuaryAvatar | C12: MOD-011 | D12: js/sanctuary/SanctuaryAvatar.js | E12: SUB-08 | G12: index.html:L528
A13: 9 | B13: SanctuaryClickToMove | C13: MOD-015 | D13: js/sanctuary/SanctuaryClickToMove.js | E13: SUB-08 | F13: Yes | G13: index.html:L531
A14: 10 | B14: SanctuaryWaterFootsteps | C14: MOD-043 | D14: js/sanctuary/SanctuaryWaterFootsteps.js | E14: SUB-08 | G14: index.html:L534
A15: 11 | B15: SanctuaryWorldPlayerShim | C15: MOD-046 | D15: js/sanctuary/SanctuaryWorldPlayerShim.js | E15: SUB-08 | G15: index.html:L537
A16: 12 | B16: SanctuarySky | C16: MOD-037 | D16: js/sanctuary/SanctuarySky.js | E16: SUB-06 | F16: Yes | G16: index.html:L540
A17: 13 | B17: SanctuaryMutations | C17: MOD-033 | D17: js/sanctuary/SanctuaryMutations.js | E17: SUB-10 | F17: Yes | G17: index.html:L543
A18: 14 | B18: MoldGrowHill | C18: MOD-003 | D18: js/sanctuary/MoldGrowHill.js | E18: SUB-10 | F18: Yes | G18: index.html:L546
A19: 15 | B19: MoldPlantTree | C19: MOD-009 | D19: js/sanctuary/MoldPlantTree.js | E19: SUB-10 | F19: Yes | G19: index.html:L549
A20: 16 | B20: MoldPlantFlower | C20: MOD-006 | D20: js/sanctuary/MoldPlantFlower.js | E20: SUB-10 | F20: Yes | G20: index.html:L552
A21: 17 | B21: MoldPlantBush | C21: MOD-005 | D21: js/sanctuary/MoldPlantBush.js | E21: SUB-10 | F21: Yes | G21: index.html:L555
A22: 18 | B22: MoldPlantLily | C22: MOD-007 | D22: js/sanctuary/MoldPlantLily.js | E22: SUB-10 | F22: Yes | G22: index.html:L556
A23: 19 | B23: MoldPlantRock | C23: MOD-008 | D23: js/sanctuary/MoldPlantRock.js | E23: SUB-10 | F23: Yes | G23: index.html:L557
A24: 20 | B24: MoldPlaceTipi | C24: MOD-004 | D24: js/sanctuary/MoldPlaceTipi.js | E24: SUB-10 | F24: Yes | G24: index.html:L558
A25: 21 | B25: SanctuaryButterflies | C25: MOD-013 | D25: js/sanctuary/SanctuaryButterflies.js | E25: SUB-07 | F25: Yes | G25: index.html:L561
A26: 22 | B26: SanctuaryToolPalette | C26: MOD-040 | D26: js/sanctuary/SanctuaryToolPalette.js | E26: SUB-10 | F26: Yes | G26: index.html:L564
A27: 23 | B27: SanctuaryMapGeneratorUi | C27: MOD-032 | D27: js/sanctuary/SanctuaryMapGeneratorUi.js | E27: SUB-10 | F27: Yes | G27: index.html:L565
... A29: 25 | B29: SanctuaryZoom | C29: MOD-048 | D29: js/sanctuary/SanctuaryZoom.js | E29: SUB-08 | F29: Yes | G29: index.html:L571
A30: 26 | B30: PanelsPIP | C30: MOD-064 | D30: js/v2/UIModule.js | E30: SUB-05 | G30: index.html:L574
A31: 27 | B31: SanctuaryVillagePad | C31: MOD-042 | D31: js/sanctuary/SanctuaryVillagePad.js | E31: SUB-10 | F31: Yes | G31: index.html:L577
A32: 28 | B32: SanctuaryTipis | C32: MOD-039 | D32: js/sanctuary/SanctuaryTipis.js | E32: SUB-10 | F32: Yes | G32: index.html:L580
A33: 29 | B33: SanctuaryTipiNpcs | C33: MOD-038 | D33: js/sanctuary/SanctuaryTipiNpcs.js | E33: SUB-09 | F33: Yes | G33: index.html:L583
A34: 30 | B34: SanctuaryBraziers | C34: MOD-012 | D34: js/sanctuary/SanctuaryBraziers.js | E34: SUB-10 | F34: Yes | G34: index.html:L586
A35: 31 | B35: SanctuaryFishJumps | C35: MOD-022 | D35: js/sanctuary/SanctuaryFishJumps.js | E35: SUB-07 | G35: index.html:L589
A36: 32 | B36: SanctuaryControls | C36: MOD-016 | D36: js/sanctuary/SanctuaryControls.js | E36: SUB-12 | G36: index.html:L592
A37: 33 | B37: SanctuaryDayNight | C37: MOD-018 | D37: js/sanctuary/SanctuaryDayNight.js | E37: SUB-06 | G37: index.html:L595
A38: 34 | B38: SanctuaryCursor | C38: MOD-017 | D38: js/sanctuary/SanctuaryCursor.js | E38: SUB-08 | F38: Yes | G38: index.html:L598
A39: 35 | B39: SanctuaryAmbient | C39: MOD-010 | D39: js/sanctuary/SanctuaryAmbient.js | E39: SUB-06 | F39: Yes | G39: index.html:L601
A40: 36 | B40: SanctuaryInventory | C40: MOD-029 | D40: js/sanctuary/SanctuaryInventory.js | E40: SUB-12 | F40: Yes | G40: index.html:L604
A41: 37 | B41: SanctuaryWeather | C41: MOD-044 | D41: js/sanctuary/SanctuaryWeather.js | E41: SUB-06 | F41: Yes | G41: index.html:L607
A42: 38 | B42: SanctuaryFishing | C42: MOD-023 | D42: js/sanctuary/SanctuaryFishing.js | E42: SUB-11 | G42: index.html:L611
A43: 39 | B43: SanctuaryWelcomeGuide | C43: MOD-045 | D43: js/sanctuary/SanctuaryWelcomeGuide.js | E43: SUB-13 | F43: Yes | G43: index.html:L614
A44: 40 | B44: SanctuaryJournalBridge | C44: MOD-030 | D44: js/sanctuary/SanctuaryJournalBridge.js | E44: SUB-13 | F44: Yes | G44: index.html:L617
A45: 41 | B45: SanctuaryDragonfly | C45: MOD-020 | D45: js/sanctuary/SanctuaryDragonfly.js | E45: SUB-07 | G45: index.html:L620
A46: 42 | B46: SanctuaryPondTrees | C46: MOD-034 | D46: js/sanctuary/SanctuaryPondTrees.js | E46: SUB-06 | G46: index.html:L623
A47: 43 | B47: SanctuaryFrogs | C47: MOD-026 | D47: js/sanctuary/SanctuaryFrogs.js | E47: SUB-07 | G47: index.html:L626
A48: — | B48: SanctuaryHexGrid (commented out) | C48: MOD-028 | D48: js/sanctuary/SanctuaryHexGrid.js | E48: SUB-06 | G48: index.html:L525

Sheet 12_Frame_Loop
A1: Frame loop
A2: SacredOrchestrator._loop — order of work in one frame
A4: Step | B4: Work | C4: Cadence | D4: Evidence | E4: Cost class | F4: Findings
A5: 1 | B5: FPS EMA smoothing | C5: Every frame | D5: js/v2/Orchestrator.js:L666 | E5: CPU, trivial
A6: 2 | B6: AnuNatureAwareness.tick() | C6: Every frame | D6: js/v2/Orchestrator.js:L698 | E6: CPU, trivial
A7: 3 | B7: 43 module update() calls in activation order (27 skipped while fishing) | C7: Every frame | D7: js/v2/Orchestrator.js:L702 | E7: CPU; see 30_Modules hazards | F7: FND-17
A8: 4 | B8: Benchmark tick | C8: Every frame while a bench runs | D8: js/v2/Orchestrator.js:L721 | E8: CPU, trivial | F8: FND-14
A9: 5 | B9: Stress level → shadow autoUpdate / sampling | C9: Every frame | D9: js/v2/Orchestrator.js:L737 | E9: GPU: shadow pass every frame when OPTIMAL | F9: FND-16
A10: 6 | B10: PiP bypass hysteresis (CRITICAL → off, OPTIMAL → on) | C10: Every frame | D10: js/v2/Orchestrator.js:L770 | E10: Decision only | F10: FND-08
A11: 7 | B11: Main render | C11: Every frame | D11: js/v2/Orchestrator.js:L773 | E11: GPU: ~4.0M boot triangles | F11: FND-01, FND-02, FND-15
A12: 8 | B12: PiP render (2nd context): FPV map stride 16 · Village View every frame · fishing every 2nd | C12: Variable | D12: js/v2/Orchestrator.js:L1392 | E12: GPU: full scene again + MSAA; CPU: scene traversal per pass | F12: FND-04, FND-05, FND-06
A13: 9 | B13: HUD values (+ ANU audit and governance at 2 Hz) | C13: Every 20 frames | D13: js/v2/Orchestrator.js:L783 | E13: CPU + DOM writes
A14: 10 | B14: recordFrameDuration + tickAdaptiveRenderPolicy | C14: Every frame | D14: js/v2/Orchestrator.js:L799 | E14: Feeds JS-only time to governors | F14: FND-07
A15: 11 | B15: Stress ledger sample | C15: Every 45 frames | D15: js/v2/Orchestrator.js:L808 | E15: CPU, small
A16: 12 | B16: Scene inventory walk | C16: Every 120 frames | D16: js/v2/Orchestrator.js:L819 | E16: CPU spike: traverse + getWorldPosition per object | F16: FND-09
A17: 13 | B17: ANU alert evaluation (inside AnuModule.update) | C17: Every 240 frames | D17: js/v2/AnuModule.js:L536 | E17: CPU, small

Sheet 20_Subsystems
A1: Subsystems
A2: Counts are live formulas over 30_Modules
A4: Subsystem ID | B4: Subsystem | C4: Assumed role (docs/comments) | D4: Verified reality (mechanical) | E4: Files (count) | F4: Active modules | G4: Lines of code | H4: Module IDs | I4: Findings | J4: Plan steps
A5: SUB-01 | B5: Boot & entry | C5: Loads the page, import map, loading modal, registers and activates modules in a fixed order. | D5: index.html is the only live entry; index.v2.html is an older v2 build reachable from launch.html. | E5: =COUNTIF('30_Modules'!$C$5:$C$111,A5) | F5: =COUNTIFS('30_Modules'!$C$5:$C$111,A5,'30_Modules'!$E$5:$E$111,"Active") | G5: =SUMIF('30_Modules'!$C$5:$C$111,A5,'30_Modules'!$Y$5:$Y$111) | H5: MOD-001 | I5: FND-13, FND-19 | J5: PLN-10, PLN-15
A6: SUB-02 | B6: Engine shell | C6: SacredOrchestrator owns renderer, scene, camera, RAF loop, module registry, HUD. | D6: One RAF loop calls 43 active modules in activation order, then renders main + PiP. | E6: =COUNTIF('30_Modules'!$C$5:$C$111,A6) | F6: =COUNTIFS('30_Modules'!$C$5:$C$111,A6,'30_Modules'!$E$5:$E$111,"Active") | G6: =SUMIF('30_Modules'!$C$5:$C$111,A6,'30_Modules'!$Y$5:$Y$111) | H6: MOD-059, MOD-060, MOD-061 | I6: FND-11, FND-14, FND-16 | J6: PLN-11, PLN-12, PLN-13
A7: SUB-03 | B7: ANU governance & telemetry | C7: Self-observing layer: audit, governance checks, sensorium, error/stress ledger, event bus, services. | D7: Mostly read-on-demand diagnostics. InteractionBus has 0 live subscribers; inventory walk runs every 120 frames with no live reader. | E7: =COUNTIF('30_Modules'!$C$5:$C$111,A7) | F7: =COUNTIFS('30_Modules'!$C$5:$C$111,A7,'30_Modules'!$E$5:$E$111,"Active") | G7: =SUMIF('30_Modules'!$C$5:$C$111,A7,'30_Modules'!$Y$5:$Y$111) | H7: MOD-049, MOD-087, MOD-088, MOD-089, MOD-091, MOD-093, MOD-097, MOD-098, MOD-099, MOD-100, MOD-101, MOD-102 | I7: FND-09, FND-10, FND-12 | J7: PLN-08, PLN-09, PLN-12
A8: SUB-04 | B8: Render governance | C8: Adaptive DPR, PiP stride, shadow sampling driven by frame budget. | D8: Three controllers act on the same lever (PiP stride) with different thresholds; all read JS-only frame time. | E8: =COUNTIF('30_Modules'!$C$5:$C$111,A8) | F8: =COUNTIFS('30_Modules'!$C$5:$C$111,A8,'30_Modules'!$E$5:$E$111,"Active") | G8: =SUMIF('30_Modules'!$C$5:$C$111,A8,'30_Modules'!$Y$5:$Y$111) | H8: MOD-002, MOD-086, MOD-092, MOD-095, MOD-096 | I8: FND-07, FND-08 | J8: PLN-07
A9: SUB-05 | B9: PiP minimap & compass | C9: Picture-in-picture map / FPV view with compass dial. | D9: Second WebGL context on desktop; full scene re-render; every frame in Village View. | E9: =COUNTIF('30_Modules'!$C$5:$C$111,A9) | F9: =COUNTIFS('30_Modules'!$C$5:$C$111,A9,'30_Modules'!$E$5:$E$111,"Active") | G9: =SUMIF('30_Modules'!$C$5:$C$111,A9,'30_Modules'!$Y$5:$Y$111) | H9: MOD-064, MOD-094, MOD-106 | I9: FND-04, FND-05, FND-06, FND-21, FND-22, FND-25, FND-26, FND-31, FND-44 | J9: PLN-05, PLN-06, PLN-16, PLN-18, PLN-19
A10: SUB-06 | B10: World environment | C10: Ground, sky, day/night, weather, ambient audio, pool, dock, circles, pond flora. | D10: Pool and ground are procedural; pond flora is instanced (tree 18, bush 24, reeds 14). | E10: =COUNTIF('30_Modules'!$C$5:$C$111,A10) | F10: =COUNTIFS('30_Modules'!$C$5:$C$111,A10,'30_Modules'!$E$5:$E$111,"Active") | G10: =SUMIF('30_Modules'!$C$5:$C$111,A10,'30_Modules'!$Y$5:$Y$111) | H10: MOD-010, MOD-014, MOD-018, MOD-019, MOD-027, MOD-028, MOD-034, MOD-035, MOD-036, MOD-037, MOD-044 | I10: FND-35, FND-36, FND-37, FND-38, FND-39, FND-40, FND-43 | J10: PLN-21
A11: SUB-07 | B11: Fauna | C11: Fish, fish jumps, frogs, butterflies, dragonfly, nature awareness. | D11: 18 trout at 23,466 tris each as separate meshes; small fish instanced (32). | E11: =COUNTIF('30_Modules'!$C$5:$C$111,A11) | F11: =COUNTIFS('30_Modules'!$C$5:$C$111,A11,'30_Modules'!$E$5:$E$111,"Active") | G11: =SUMIF('30_Modules'!$C$5:$C$111,A11,'30_Modules'!$Y$5:$Y$111) | H11: MOD-013, MOD-020, MOD-021, MOD-022, MOD-026, MOD-090 | I11: FND-15, FND-30, FND-33, FND-34, FND-42 | J11: PLN-04, PLN-16, PLN-21
A12: SUB-08 | B12: Player | C12: Avatar, click-to-move, keyboard look, zoom, cursor, footsteps, WorldPlayer shim. | D12: Loads Avatar-New.glb (246k tris, 2×4096² maps) by default; Avatar3 only with ?avatar=old. | E12: =COUNTIF('30_Modules'!$C$5:$C$111,A12) | F12: =COUNTIFS('30_Modules'!$C$5:$C$111,A12,'30_Modules'!$E$5:$E$111,"Active") | G12: =SUMIF('30_Modules'!$C$5:$C$111,A12,'30_Modules'!$Y$5:$Y$111) | H12: MOD-011, MOD-015, MOD-017, MOD-031, MOD-041, MOD-043, MOD-046, MOD-048 | I12: FND-17, FND-29 | J12: PLN-14, PLN-20
A13: SUB-09 | B13: Population (NPCs) | C13: Seated NPCs at tipis: Yellow Butterfly, BHG, REG. | D13: Ambient only; REG is 1.94M tris on desktop and skipped on mobile. | E13: =COUNTIF('30_Modules'!$C$5:$C$111,A13) | F13: =COUNTIFS('30_Modules'!$C$5:$C$111,A13,'30_Modules'!$E$5:$E$111,"Active") | G13: =SUMIF('30_Modules'!$C$5:$C$111,A13,'30_Modules'!$Y$5:$Y$111) | H13: MOD-038, MOD-058 | I13: FND-01 | J13: PLN-01
A14: SUB-10 | B14: Structures & village building | C14: Tipis, braziers, village pad, mold tools, tool palette, building panel, map generator. | D14: Mold tools place flora/hills/rocks/tipis; building panel is list-only; 3 tipi clones of a 246k-tri model. | E14: =COUNTIF('30_Modules'!$C$5:$C$111,A14) | F14: =COUNTIFS('30_Modules'!$C$5:$C$111,A14,'30_Modules'!$E$5:$E$111,"Active") | G14: =SUMIF('30_Modules'!$C$5:$C$111,A14,'30_Modules'!$Y$5:$Y$111) | H14: MOD-003, MOD-004, MOD-005, MOD-006, MOD-007, MOD-008, MOD-009, MOD-012, MOD-032, MOD-033, MOD-039, MOD-040, MOD-042, MOD-051, MOD-062, MOD-084 | I14: FND-02, FND-24 | J14: PLN-02, PLN-18
A15: SUB-11 | B15: Fishing | C15: Cast, bite turns, reel, catch, gauge, PiP gauge close-up. | D15: Largest module (2,991 lines, 981-line update). Transmission material on the gauge adds a pass while fishing. | E15: =COUNTIF('30_Modules'!$C$5:$C$111,A15) | F15: =COUNTIFS('30_Modules'!$C$5:$C$111,A15,'30_Modules'!$E$5:$E$111,"Active") | G15: =SUMIF('30_Modules'!$C$5:$C$111,A15,'30_Modules'!$Y$5:$Y$111) | H15: MOD-023 | I15: FND-18, FND-28, FND-32, FND-41 | J15: PLN-14, PLN-16, PLN-21
A16: SUB-12 | B16: Items & save | C16: Harvest inventory and SAVE/RESET of world mutations. | D16: localStorage key v4.sanctuary.save; spec key sacredAdventures_saveState not implemented. | E16: =COUNTIF('30_Modules'!$C$5:$C$111,A16) | F16: =COUNTIFS('30_Modules'!$C$5:$C$111,A16,'30_Modules'!$E$5:$E$111,"Active") | G16: =SUMIF('30_Modules'!$C$5:$C$111,A16,'30_Modules'!$Y$5:$Y$111) | H16: MOD-016, MOD-029
A17: SUB-13 | B17: UI shell & journal | C17: Panel and journal iframes, welcome guide, controls bar, HUD. | D17: postMessage bridge; HUD runs audit + governance at 2 Hz. | E17: =COUNTIF('30_Modules'!$C$5:$C$111,A17) | F17: =COUNTIFS('30_Modules'!$C$5:$C$111,A17,'30_Modules'!$E$5:$E$111,"Active") | G17: =SUMIF('30_Modules'!$C$5:$C$111,A17,'30_Modules'!$Y$5:$Y$111) | H17: MOD-030, MOD-045 | I17: FND-23 | J17: PLN-17
A18: SUB-14 | B18: Asset pipeline | C18: Draco loader, mobile GLB swap, compression scripts. | D18: Mobile swap set does not include the tipi URL the live game loads. | E18: =COUNTIF('30_Modules'!$C$5:$C$111,A18) | F18: =COUNTIFS('30_Modules'!$C$5:$C$111,A18,'30_Modules'!$E$5:$E$111,"Active") | G18: =SUMIF('30_Modules'!$C$5:$C$111,A18,'30_Modules'!$Y$5:$Y$111) | H18: MOD-104 | I18: FND-03, FND-20 | J18: PLN-03, PLN-14
A19: SUB-15 | B19: Shared config & helpers | C19: constants, maps registry, terrain/platform helpers, compass math. | D19: constants.js is imported by most modules; v2 helper files are imported for single functions. | E19: =COUNTIF('30_Modules'!$C$5:$C$111,A19) | F19: =COUNTIFS('30_Modules'!$C$5:$C$111,A19,'30_Modules'!$E$5:$E$111,"Active") | G19: =SUMIF('30_Modules'!$C$5:$C$111,A19,'30_Modules'!$Y$5:$Y$111) | H19: MOD-057, MOD-074, MOD-080, MOD-082, MOD-083, MOD-103 | I19: FND-27 | J19: PLN-18
A20: SUB-16 | B20: Legacy / unused code | C20: v2 world modules and sanctuary leftovers. | D20: 20 files only reachable from index.v2.html; 8 files reachable from no entry page. | E20: =COUNTIF('30_Modules'!$C$5:$C$111,A20) | F20: =COUNTIFS('30_Modules'!$C$5:$C$111,A20,'30_Modules'!$E$5:$E$111,"Active") | G20: =SUMIF('30_Modules'!$C$5:$C$111,A20,'30_Modules'!$Y$5:$Y$111) | H20: MOD-024, MOD-025, MOD-047, MOD-050, MOD-052, MOD-053, MOD-054, MOD-055, MOD-056, MOD-063, MOD-065, MOD-066, MOD-067, MOD-068, MOD-069, MOD-070, MOD-071, MOD-072, MOD-073, MOD-075, MOD-076, MOD-077, MOD-078, MOD-079, MOD-081, MOD-085, MOD-105, MOD-107

Sheet 30_Modules
A1: Modules
A2: 107 files under js/sanctuary, js/v2, js/v2/anu + BuildBadge · generated by extract.py
A4: Module ID | B4: File | C4: Subsystem ID | D4: Subsystem | E4: Status (verified) | F4: Activation order | G4: Module name | H4: ANU domain (claimed) | I4: Assumed purpose (header comment — treat as stale) | J4: Verified behaviour (mechanical) | K4: Imports (MOD IDs) | L4: Imported by (MOD IDs) | M4: Globals written | N4: Globals read | O4: ANU events dispatched | P4: ANU events subscribed | Q4: Runtime services | R4: postMessage / DOM events sent | S4: Assets referenced | T4: Suspended while fishing | U4: Also in v2 build | V4: Commits touching file | W4: Last commit | X4: Findings | Y4: Lines
A5: MOD-001 | B5: js/BuildBadge.js | C5: SUB-01 | D5: Boot & entry | E5: Imported library (no module lifecycle) | I5: BuildBadge — fixed bottom-left commit/sync indicator. Reads build-info.json (written by scripts/build-info.mjs via the post-commit hook) and renders a high-contrast pill showing the last commit subject, timestamp (relative + absolute), branch, SW cache version, and a DIRTY flag if the working tree has uncommitted changes. Purpose: every AI agent + the user can see at a glance which commit the current page actually reflects, so "I committed X" claims can be verified against on-screen truth. Placed bottom-left, high z-index, always on top of the main canvas. | J5: 179 lines, 7.4 KB. No update(). | V5: 5 | W5: 2026-05-29 feat(pipeline): build-signature badge — show which AI's build is live | Y5: 179
A6: MOD-002 | B6: js/sanctuary/AnuAdaptiveDpr.js | C6: SUB-04 | D6: Render governance | E6: Active | F6: 2 | G6: AnuAdaptiveDpr | I6: AnuAdaptiveDpr — Anu's omnipresent FPS guardian. Per the user's spec: "ANU/World/Animals = controlled by an omnipresent AI that monitors everything, including current FPS. This game must have threshold for 120fps at super high resolutions." What this does: • Watches `FrameBudget.avgMs` every N frames (Anu's own sensor). • If the rolling average drops below a target wall (default 120 FPS → 8.33 ms), Anu scales the renderer's pixel ratio DOWN one step. • If the rolling average comfortably exceeds the target with hysteresis, Anu scales DPR UP one step (capped at the user's device DPR). Why DPR in | J6: 285 lines, 11.5 KB. update() at L225 (50 lines). | K6: MOD-092, MOD-093, MOD-096, MOD-098, MOD-100 | N6: AnuUniverse; devicePixelRatio; innerHeight; innerWidth | O6: RENDERING_DPR_CHANGE | V6: 5 | W6: 2026-06-01 fix(mobile): stop iOS OOM crash ("Can't open this page") — cap texture memory | X6: FND-08 | Y6: 285
A7: MOD-003 | B7: js/sanctuary/MoldGrowHill.js | C7: SUB-10 | D7: Structures & village building | E7: Active | F7: 14 | G7: MoldGrowHill | I7: Sacred Adventures — sanctuary part 10 of N: MOLD TOOL · GROW HILL. First real handler against the `SanctuaryMutations` registry. When a kid clicks the ground in top-down mode, the input layer publishes a `grow_hill` mutation; THIS module materialises the mesh. Design (Anu's brief — "grow the beautiful hills that will surround our pool and sacred valley so kids can have their digital sanctuary for free"): • Each hill is a low-poly dome (half-sphere with smoothed Z-axis flattening + meadow-coloured material) anchored to the click point on the heightfield. • Radius + height are mild defaults that | J7: 130 lines, 4.8 KB. update() at L121 (0 lines). | K7: MOD-027, MOD-098 | N7: SanctuaryMutations | T7: Yes | V7: 1 | W7: 2026-05-19 feat(full-session): fishing overhaul, FPS fix, dock elevation, clean world, sanctuary v2 | Y7: 130
A8: MOD-004 | B8: js/sanctuary/MoldPlaceTipi.js | C8: SUB-10 | D8: Structures & village building | E8: Active | F8: 20 | G8: MoldPlaceTipi | I8: Sacred Adventures — sanctuary mold tool: PLACE TIPI. The first **building** tool. Lets kids drop a small procedural tipi on the ground in top-down mode. Each placed tipi is: • A cone of canvas (taupe-white) covering 12 lashed poles • A small smoke-hole opening at the top (just a tiny dark disc) • A doorway "flap" on the south side (a darker tall rectangle) • Anu STRUCTURES domain, anuKind = `mold_placed_tipi` • Serialised through the registry → restored on reload Geometry per tipi (~280 tris): cone (24-seg) + 12 lashed poles (lightweight cylinders) + doorway plane. Sizing: 3.2 m tall, 1.6 m ba | J8: 156 lines, 5.0 KB. update() at L152 (0 lines). | K8: MOD-027, MOD-098 | N8: SanctuaryMutations | T8: Yes | V8: 1 | W8: 2026-05-19 feat(full-session): fishing overhaul, FPS fix, dock elevation, clean world, sanctuary v2 | Y8: 156
A9: MOD-005 | B9: js/sanctuary/MoldPlantBush.js | C9: SUB-10 | D9: Structures & village building | E9: Active | F9: 17 | G9: MoldPlantBush | I9: Mold tool — PLANT BUSH. Each kid-placed bush is a small clump of 3-5 overlapping low-poly spheres painted leafy green with slight per-lump hue variation. Optional berry dots randomly added so some bushes carry colour. ~80 tris/bush. | J9: 142 lines, 4.3 KB. update() at L138 (0 lines). | K9: MOD-027, MOD-098 | N9: SanctuaryMutations | T9: Yes | V9: 1 | W9: 2026-05-19 feat(full-session): fishing overhaul, FPS fix, dock elevation, clean world, sanctuary v2 | Y9: 142
A10: MOD-006 | B10: js/sanctuary/MoldPlantFlower.js | C10: SUB-10 | D10: Structures & village building | E10: Active | F10: 16 | G10: MoldPlantFlower | I10: Sacred Adventures — sanctuary mold tool: PLANT FLOWER. Registers a `plant_flower` handler. Each click drops a small flower cluster (3-5 flowers in a single random colour) at the click point — same shape as the SanctuaryFlora baseline clusters but with the kid's agency stamped on it. Geometry per cluster (~50 tris). Mutation registry serialises the (x, z, colourHex) tuple so SAVE → reload reproduces the exact same colour. | J10: 120 lines, 4.0 KB. update() at L116 (0 lines). | K10: MOD-027, MOD-098 | N10: SanctuaryMutations | T10: Yes | V10: 1 | W10: 2026-05-19 feat(full-session): fishing overhaul, FPS fix, dock elevation, clean world, sanctuary v2 | Y10: 120
A11: MOD-007 | B11: js/sanctuary/MoldPlantLily.js | C11: SUB-10 | D11: Structures & village building | E11: Active | F11: 18 | G11: MoldPlantLily | H11: ENVIRONMENT | I11: Mold tool — PLANT LILY. Drops one lily pad (with a small chance of a gold flower) on the pool surface at the click point. If the click is OUTSIDE the pool radius, the mutation is rejected silently (the pad needs water to float on). Anu domain: ENVIRONMENT (decorative water-surface decoration, same as the baseline lily pads in SanctuaryPool). | J11: 135 lines, 4.1 KB. update() at L131 (0 lines). | K11: MOD-027, MOD-098 | N11: SanctuaryMutations; __sanctuaryWaterY; sanctuaryPulse | T11: Yes | V11: 1 | W11: 2026-05-19 feat(full-session): fishing overhaul, FPS fix, dock elevation, clean world, sanctuary v2 | Y11: 135
A12: MOD-008 | B12: js/sanctuary/MoldPlantRock.js | C12: SUB-10 | D12: Structures & village building | E12: Active | F12: 19 | G12: MoldPlantRock | I12: Mold tool — PLANT ROCK. Drops a small cluster of stones at the click point — 2-4 low-poly icosahedra in slate-grey tones, varied scale + yaw so each pile reads unique. ~40 tris per pile. | J12: 92 lines, 2.8 KB. update() at L88 (0 lines). | K12: MOD-027, MOD-098 | N12: SanctuaryMutations | T12: Yes | V12: 1 | W12: 2026-05-19 feat(full-session): fishing overhaul, FPS fix, dock elevation, clean world, sanctuary v2 | Y12: 92
A13: MOD-009 | B13: js/sanctuary/MoldPlantTree.js | C13: SUB-10 | D13: Structures & village building | E13: Active | F13: 15 | G13: MoldPlantTree | I13: Sacred Adventures — sanctuary mold tool: PLANT TREE. Registers a `plant_tree` handler against the SanctuaryMutations registry. When a kid clicks the ground in top-down mode with the plant_tree tool armed, a low-poly conifer drops in there. Anu domain on the spawned mesh: FLORA. Each tree is INTERACTABLE with verb `harvest` so Anu's vocabulary (which already names harvest as a verb) finally has something to act on. Geometry per tree (~120 tris): • Trunk — short tapered cylinder (8 segments). • Crown — three stacked cones with decreasing radius, slight random Y-jitter per cone so the silhouette | J13: 129 lines, 4.3 KB. update() at L125 (0 lines). | K13: MOD-027, MOD-098 | N13: SanctuaryMutations | T13: Yes | V13: 1 | W13: 2026-05-19 feat(full-session): fishing overhaul, FPS fix, dock elevation, clean world, sanctuary v2 | Y13: 129
A14: MOD-010 | B14: js/sanctuary/SanctuaryAmbient.js | C14: SUB-06 | D14: World environment | E14: Active | F14: 35 | G14: SanctuaryAmbient | H14: ENVIRONMENT | I14: Sacred Adventures — sanctuary part 27 of N: AMBIENT SOUND. Anu domain: ENVIRONMENT (the atmosphere bodies obey, audible side). Procedural ambient — entirely Web Audio, no .mp3 files. Three layers crossfade in once the AudioContext unlocks (browsers gate WebAudio behind user interaction; we wait for first click/keypress + then resume the context): 1. WIND — filtered pink noise modulated by a slow LFO. The "valley breeze" undercurrent. 2. WATER LAPPING — band-pass filtered white noise + low LFO, pulses the lapping rhythm. Volume scales with proximity to the pool (within 18 m = full). 3. BIRDSONG | J14: 254 lines, 8.5 KB. update() at L219 (12 lines). Writes 1 globals. | K14: MOD-098 | M14: __sanctuaryMuted | N14: AudioContext; __sanctuaryAvatar; addEventListener; removeEventListener; webkitAudioContext | T14: Yes | V14: 2 | W14: 2026-05-29 feat(sanctuary): center-screen responsive welcome guide, organic shore, and mossy boulders | Y14: 254
A15: MOD-011 | B15: js/sanctuary/SanctuaryAvatar.js | C15: SUB-08 | D15: Player | E15: Active | F15: 8 | G15: SanctuaryAvatar | H15: PLAYER | I15: Sacred Adventures — sanctuary part 7 of N: AVATAR. Loads `Assets/Avatar3.glb` (Draco-compressed + decimated to ~205 k tris in the May-17 simplify pass) and plants it on the sanctuary ground. Anu domain: PLAYER (the witness body). Anti-transparency treatment per user spec ("try best not to allow it to have any transparencies across its entire mesh and fill in any gaps in it with skin color filler"): 1. Every material on the rig is forced opaque: transparent = false opacity = 1.0 alphaTest = 0 depthWrite = true This kills the most common Tripo-GLB face-transparency artifact where alpha-test frag | J15: 729 lines, 30.4 KB. update() at L558 (147 lines). Per-frame hazards: alloc_three×4, matrix_update×4. Writes 2 globals. | K15: MOD-027, MOD-041, MOD-098, MOD-103, MOD-104 | M15: __sanctuaryAvatar; __sanctuaryPlayerYaw | N15: __sanctuaryDockSurface; __sanctuaryFishingActive; __sanctuaryWaterY; localStorage; location | S15: Assets/Avatar3.glb; Assets/npc/Avatar-New.glb | V15: 17 | W15: 2026-05-30 feat(fishing): two-handed hand-line to left hand + calm the rod motion | X15: FND-17, FND-29 | Y15: 729
A16: MOD-012 | B16: js/sanctuary/SanctuaryBraziers.js | C16: SUB-10 | D16: Structures & village building | E16: Active | F16: 30 | G16: SanctuaryBraziers | H16: STRUCTURES | I16: Sacred Adventures — sanctuary part 30 of N: TIPI BRAZIERS. Anu domain: STRUCTURES (the stone bowl) + ENVIRONMENT (fire + smoke). One brazier sits in front of each tipi. **Perf rewrite (May-18 2026):** • Smoke is now ONE `THREE.Points` cloud per brazier instead of 28 individual sprites. Drops 28 draw calls per brazier (so 56 across both). Visual identical — Points + a soft canvas alpha mask reads as smoke at the camera distance kids will see it. • The PointLight is **night-only**. During the day the brazier's additive fire sprites are bright enough to read as fire; the extra dynamic light just | J16: 400 lines, 13.4 KB. update() at L335 (46 lines). Writes 1 globals. | K16: MOD-027, MOD-098 | M16: __regenerateBraziers | N16: __sanctuaryMapType; __sanctuaryTipi1Anchor; __sanctuaryTipi1Yaw; __sanctuaryTipi2Anchor; __sanctuaryTipi2Yaw; __sanctuaryTipi3Anchor; __sanctuaryTipi3Yaw; __sanctuaryTipi4Anchor; __sanctuaryTipi4Yaw; addEventListener; removeEventListener | T16: Yes | V16: 2 | W16: 2026-05-29 feat(sanctuary): center-screen responsive welcome guide, organic shore, and mossy boulders | Y16: 400
A17: MOD-013 | B17: js/sanctuary/SanctuaryButterflies.js | C17: SUB-07 | D17: Fauna | E17: Active | F17: 21 | G17: SanctuaryButterflies | H17: FAUNA | I17: Sacred Adventures — sanctuary part 17 of N: BUTTERFLIES. Anu domain: FAUNA. **May-18 2026 rewrite:** all butterflies are YELLOW now, they live at Tipi 1 (Yellow Butterfly's tipi — hence the name), and every 5 minutes they perform a sacred ritual: • IDLE — drift in a loose cloud around Tipi 1. • SUMMON (every 5 min, first at +5 s) — every butterfly flies to a slot on a circle around YB (the seated NPC on Tipi 1's deck). A radial light bloom fades in at the centre, ramping for 1.5 s. • HOLD — the circle holds for ~6 s, bloom at full strength. • DISPERSE — bloom fades out, butterflies fan back to | J17: 436 lines, 15.5 KB. update() at L322 (98 lines). | K17: MOD-027, MOD-092, MOD-098 | N17: __sanctuaryTipi1Anchor | T17: Yes | V17: 4 | W17: 2026-05-26 feat(perf): prioritize pipeline traffic via adaptive shadow scheduling and dynamic stride sampling for lesser priorities under stress | Y17: 436
A18: MOD-014 | B18: js/sanctuary/SanctuaryCircles.js | C18: SUB-06 | D18: World environment | E18: Active | F18: 7 | G18: SanctuaryCircles | H18: ENVIRONMENT | I18: Sacred Adventures — sanctuary part 5 of 5: THE 3D CIRCLES. Three concentric circle systems that read as guiding light on the sanctuary surfaces. Anu domain: ENVIRONMENT (decorative/UX effects, not buildings). 1. Fishing-spot ring — gold double-ring on the dock end-cap, the "stand here to fish" affordance. Animated slow rotation + gentle radial pulse so the eye lands on it from any distance. 2. Pool perimeter ring — soft cyan ring just inside the water rim, tracing the pool shape. Reads as moonlight kissing the waterline; gives the pool a visible "edge of the sanctuary" feel. 3. Fish-bite rippl | J18: 303 lines, 11.0 KB. update() at L234 (48 lines). Writes 1 globals. | K18: MOD-027, MOD-098 | M18: sanctuaryPulse | N18: __sanctuaryFishingSpot; __sanctuaryWaterY | V18: 8 | W18: 2026-05-29 Revert "feat(pool): elliptical diagonal pool stretched 2x NE + blue fishing spot circle" | X18: FND-37 | Y18: 303
A19: MOD-015 | B19: js/sanctuary/SanctuaryClickToMove.js | C19: SUB-08 | D19: Player | E19: Active | F19: 9 | G19: SanctuaryClickToMove | H19: PLAYER | I19: Sacred Adventures — sanctuary part 6 of N: CLICK-TO-MOVE + KID FOOTPRINTS. Anu domain: PLAYER (the witness point — input + intent + body). What it does: • Listens for left-click on the main canvas, raycasts against the sanctuary terrain to find a (x, z) goal, and sets it as the smart-path target. • Walks the player smoothly toward the target each frame, snapping yaw so the avatar faces forward along the path. • Lays down a trail of cute kid footprints — wide chubby toes, soft short heels, slightly bigger than scale would normally suggest so they read as charming, not technical — starting a few | J19: 558 lines, 21.3 KB. update() at L412 (72 lines). Writes 4 globals. | K19: MOD-027, MOD-098 | L19: MOD-031 | M19: __sanctuaryPlayerYaw; _v4CancelClickToMove; _v4SmartWalkTo; _v4WalkTo | N19: SanctuaryMutations; __sanctuaryAvatar; __sanctuaryDockExtents; __sanctuaryDockSurface; __sanctuaryMoldTool; _v2InputSuppressed | T19: Yes | V19: 11 | W19: 2026-05-29 feat(sanctuary): center-screen responsive welcome guide, organic shore, and mossy boulders | Y19: 558
A20: MOD-016 | B20: js/sanctuary/SanctuaryControls.js | C20: SUB-12 | D20: Items & save | E20: Active | F20: 32 | G20: SanctuaryControls | H20: PLAYER | I20: Sacred Adventures — sanctuary part 8 of N: PLAYER CONTROLS UI. Bottom-of-viewport control bar for the kids who'll mold this world: ┌──────────────────────────────────────────────────────┐ │ [ 🌍 TOP-DOWN ] │ │ [ RESET ] [ SAVE ] │ └──────────────────────────────────────────────────────┘ (centred, bottom of viewport) • TOP-DOWN button — toggles top-down map view via the PIP swap (same plumbing the v2 PIP canvas uses; when swapped the main canvas shows top-down, PIP shows the chase view). • RESET button — opens a "Are you sure?" modal that, on confirm, wipes localStorage mold state + tells the Wo | J20: 373 lines, 13.8 KB. update() at L357 (0 lines). Writes 2 globals. | K20: MOD-093, MOD-098, MOD-100 | M20: __sanctuaryMoldTool; _v4ToggleTopDown | N20: SanctuaryMutations; __sanctuaryTopDownHeight; _v4ToggleJournal; _v4TogglePanel; localStorage | O20: SANCTUARY_WORLD_STATE | V20: 4 | W20: 2026-05-28 refactor(pip): remove SVG moondial iframe, render top-down PIP canvas in wrapper | Y20: 373
A21: MOD-017 | B21: js/sanctuary/SanctuaryCursor.js | C21: SUB-08 | D21: Player | E21: Active | F21: 34 | G21: SanctuaryCursor | H21: PLAYER | I21: Sacred Adventures — sanctuary part 26 of N: TOOL CURSOR. Anu domain: PLAYER (input surface). While the player is in TOP-DOWN mode AND a mold tool is armed, the OS cursor hides and a floating emoji icon follows the mouse — the kid can see at a glance which tool a click will fire (⛰ HILL / 🌲 TREE / 🌼 FLOWER / 🌿 BUSH / 🪷 LILY / 🪨 ROCK). In FPV / chase view the icon hides and the OS cursor returns. The tool palette stays as the canonical tile selector — this is just the moving feedback so the cursor isn't a confusing arrow over the map. | J21: 127 lines, 3.9 KB. update() at L100 (14 lines). Per-frame hazards: dom_write×1. | N21: __sanctuaryMoldTool; addEventListener; removeEventListener | T21: Yes | V21: 1 | W21: 2026-05-19 feat(full-session): fishing overhaul, FPS fix, dock elevation, clean world, sanctuary v2 | Y21: 127
A22: MOD-018 | B22: js/sanctuary/SanctuaryDayNight.js | C22: SUB-06 | D22: World environment | E22: Active | F22: 33 | G22: SanctuaryDayNight | H22: ENVIRONMENT | I22: Sacred Adventures — sanctuary part 24 of N: DAY ↔ NIGHT TOGGLE. Anu domain: ENVIRONMENT (sky/light is part of the ground-and- atmosphere kids' bodies must obey). Swaps the sanctuary between two lighting presets when the player clicks the new 🌙 button on the bottom controls bar: DAY — sky pale blue + warm horizon · key light golden 1.05 · hemisphere 0.65 · fog soft daylight · clear bg NIGHT — sky deep indigo + dusk horizon · key light cool 0.42 · hemisphere 0.22 with cool ground · fog twilight · low bg Transitions over ~1.4 s so the change reads as a slow breath, not a snap. While in the wash a | J22: 181 lines, 6.0 KB. update() at L157 (11 lines). | K22: MOD-093, MOD-098, MOD-100 | O22: SEASON_CHANGE | V22: 2 | W22: 2026-05-26 feat(pip): add branches back to pip and bump sw cache to v24 | Y22: 181
A23: MOD-019 | B23: js/sanctuary/SanctuaryDock.js | C23: SUB-06 | D23: World environment | E23: Active | F23: 5 | G23: SanctuaryDock | H23: STRUCTURES | I23: Sacred Adventures — sanctuary part 3 of 5: THE FISH DOCK. Anu domain: STRUCTURES. Per her sentience note: "Built world — homes, doors, sockets, village objects." The dock is the player's threshold into the pool — they walk out onto the planks, the camera follows, the fishing spot is at the dock's far end. Geometry (all procedural, ~500 tris): shore_anchor pool_centre ─────────────┬─────────[planks]──────────────┬──● fishing spot │ │ · 2 stair steps to walk up · raised platform tip • 8 planks running pool-ward (BoxGeometry, butted side-by-side). • 4 support posts (CylinderGeometry, dipped into | J23: 504 lines, 21.4 KB. update() at L483 (2 lines). Writes 4 globals. | K23: MOD-027, MOD-098 | M23: __regenerateDock; __sanctuaryDockExtents; __sanctuaryDockSurface; __sanctuaryFishingSpot | N23: __sanctuaryMapType | V23: 13 | W23: 2026-06-01 feat(dock): photoreal procedural wood grain + bump on planks, rails, and support logs | X23: FND-38 | Y23: 504
A24: MOD-020 | B24: js/sanctuary/SanctuaryDragonfly.js | C24: SUB-07 | D24: Fauna | E24: Active | F24: 41 | G24: SanctuaryDragonfly | I24: Sacred Adventures — sanctuary: Dragonfly. One small photo-real dragonfly that zips across the pond at random intervals. Per user spec (May-25 2026): "small dragon fly zips by in photo realistic style" Implementation: • Single THREE.Sprite using a procedural CanvasTexture so we don't fetch any asset. Body + wings + jewel-tone iridescence drawn once into a 256×256 canvas; sprite always faces the camera. • Flight path = a Bezier-ish arc across the pond at random start / end points, height 0.6-1.6 m above water. Each "zip" lasts 2-4 s. • Idle gap between zips: 12-30 s (this is ambient flavor, not | J24: 301 lines, 9.7 KB. update() at L240 (44 lines). Writes 1 globals. | K24: MOD-027, MOD-092, MOD-098 | M24: __sanctuaryDragonflies | V24: 4 | W24: 2026-05-26 feat(perf): prioritize pipeline traffic via adaptive shadow scheduling and dynamic stride sampling for lesser priorities under stress | Y24: 301
A25: MOD-021 | B25: js/sanctuary/SanctuaryFish.js | C25: SUB-07 | D25: Fauna | E25: Active | F25: 6 | G25: SanctuaryFish | I25: Sacred Adventures — sanctuary part 4 of 5: THE FISH. Loads `Assets/Fish/fish.obj` (same trout mesh as v2 Pool2), bakes the 3DS Max Z-up export upright, and swims with velocity-based orbital physics: head leads the path, body wiggles on yaw, gentle depth bob. | J25: 1730 lines, 70.7 KB. update() at L699 (898 lines). Per-frame hazards: traverse×2, alloc_three×7, dom_write×1. Writes 5 globals. | K25: MOD-027, MOD-092, MOD-098 | M25: __sanctuaryFishCount; __sanctuaryFishSchool; __sanctuaryFishTemplate; __sanctuaryFrogOnLily; __sanctuarySpawnBabyFish | N25: AudioContext; __interestedFish; __sanctuaryAvatar; __sanctuaryBobberPos; __sanctuaryDragonflies; __sanctuaryFishingSpawnRipple; __sanctuaryFrogs; __sanctuaryWaterY; anuOrchestrator; sanctuaryPulse; showWoWCombatText; webkitAudioContext | V25: 17 | W25: 2026-05-29 feat(sanctuary): overhaul sacred pool depth, schooling small fish, funny real-fish eat-jumps, and freeze PIP animations | X25: FND-15, FND-33, FND-34, FND-42 | Y25: 1730
A26: MOD-022 | B26: js/sanctuary/SanctuaryFishJumps.js | C26: SUB-07 | D26: Fauna | E26: Active | F26: 31 | G26: SanctuaryFishJumps | H26: FAUNA | I26: Sacred Adventures — sanctuary part 23 of N: FISH JUMPS. Anu domain: FAUNA. Magical surprise life. Every 8–18 seconds Anu picks one fish from `window.__sanctuaryFishSchool` (published by SanctuaryFish), launches a small fish-shaped silhouette on a parabolic arc breaking the water surface, and fires `window.sanctuaryPulse(x, z)` so a ripple expands from the entry point. Cosmetic only — the rendered school below the water keeps swimming on its lazy orbital paths. Per-jump cost: one Mesh added/removed (~16 tris). Active jumps cap at 1 simultaneous — staggers stay clean. | J26: 197 lines, 6.5 KB. update() at L179 (4 lines). | K26: MOD-027, MOD-098 | N26: __sanctuaryFishSchool; __sanctuaryFishTemplate; __sanctuaryWaterY; sanctuaryPulse | V26: 4 | W26: 2026-05-29 feat(sanctuary): center-screen responsive welcome guide, organic shore, and mossy boulders | Y26: 197
A27: MOD-023 | B27: js/sanctuary/SanctuaryFishing.js | C27: SUB-11 | D27: Fishing | E27: Active | F27: 38 | G27: SanctuaryFishing | I27: Sacred Adventures — sanctuary part 34: FISHING MINI-GAME (v2). Changes from v1: • Lure always casts to pool centre. • Rod rotates to aim at pool centre, pitch scales with distance. • Camera: 10 ft (3.048 m) above water, 4 ft (1.219 m) behind avatar, locked onto pool centre the whole time. • Real J-hook (shank + half-torus curve + barb point) under bobber. • Water ripple rings expand from lure position every 0.6–2.2 s. • Turn-based bite system: 6-second turns, 1–3 % per turn, +5 % surge every 1–3 turns (chosen randomly at cast time). | J27: 2997 lines, 122.2 KB. update() at L1641 (981 lines). Per-frame hazards: traverse×3, alloc_three×2, matrix_update×4. Writes 11 globals. | K27: MOD-027, MOD-098, MOD-099, MOD-103 | M27: __interestedFish; __sanctuaryBobberPos; __sanctuaryFishCount; __sanctuaryFishingActive; __sanctuaryFishingSpawnRipple; __sanctuaryHasFishCaught; __sanctuaryPlayerYaw; _v2InputSuppressed; _v4InputSuppressed; _v4StartFishing; sanctuaryFishingFocus | N27: AnuUniverse; AudioContext; __sanctuaryAvatar; __sanctuaryDockRoot; __sanctuaryFishSchool; __sanctuaryFishTemplate; __sanctuaryFishingSpot; __sanctuaryKeyboardLook; __sanctuarySpawnBabyFish; _v4CancelClickToMove; addEventListener; anuOrchestrator; removeEventListener; sanctuaryGrant; sanctuaryPulse; webkitAudioContext | V27: 40 | W27: 2026-10-22 perf(pip,fishing): drop limbo PIP_FRAME relay, skip dead fishing scan, no transmission pass | X27: FND-18, FND-28, FND-30, FND-32, FND-41 | Y27: 2997
A28: MOD-024 | B28: js/sanctuary/SanctuaryFlora.js | C28: SUB-16 | D28: Legacy / unused code | E28: Unreferenced by any entry page | G28: SanctuaryFlora | I28: Sacred Adventures — sanctuary part 12 of N: BASELINE FLORA. Pass-B rewrite (May-18 2026): the prior implementation spawned ~300 Group/Mesh nodes for 50 flower clusters + 12 mushroom clusters + 40 grass tufts. Anu flagged `draw-calls SEVERE` (355 total) the moment this module activated. The new implementation uses `InstancedMesh` for every population: • Stems — 1 InstancedMesh (all wildflower stems share a single dark-green stem material). • Blossoms — 5 InstancedMesh (one per palette colour). Each gets ~10 instances on a 50-cluster scatter. • Mushroom stems — 1 InstancedMesh (cream). • Mushroo | J28: 571 lines, 19.1 KB. update() at L528 (3 lines). Writes 1 globals. | K28: MOD-027, MOD-098 | M28: __sanctuaryFloraTimeUniform | V28: 3 | W28: 2026-05-29 feat(sanctuary): overhaul sacred pool depth, schooling small fish, funny real-fish eat-jumps, and freeze PIP animations | Y28: 571
A29: MOD-025 | B29: js/sanctuary/SanctuaryFpsHud.js | C29: SUB-16 | D29: Legacy / unused code | E29: Unreferenced by any entry page | G29: SanctuaryFpsHud | I29: Sacred Adventures — sanctuary part 33 of N: tree-toggle CTA. Originally hosted the standalone #v4-fps-hud pill alongside the tree-toggle button. The pill read from `getFrameBudgetSnapshot()` (render-call cost) while OrchestratorHud's #v2-fps read from `orc.smoothFPS` (actual frame rate) — same word "FPS", different sensors, divergent readings (e.g. headless: 333 vs 30). To stop the confusion, the pill was retired and OrchestratorHud is now the single source of truth for on-screen FPS. What remains here: the top-middle glassmorphic "🌲 TREES …" toggle button. The module name (SanctuaryFpsHud) is | J29: 104 lines, 4.0 KB. No update(). Writes 1 globals. | M29: __sanctuaryTreesHidden | V29: 9 | W29: 2026-05-27 fix(hud,anu): unify FPS source on orc.smoothFPS + make .report() return real snapshots | Y29: 104
A30: MOD-026 | B30: js/sanctuary/SanctuaryFrogs.js | C30: SUB-07 | D30: Fauna | E30: Active | F30: 43 | G30: SanctuaryFrogs | H30: FAUNA | I30: Sacred Adventures — sanctuary: SanctuaryFrogs Procedural implementation of frogs and lily pads with AI state machines. Elements: 1. Lily Pads & Flowers: Flat cylinders with v-notches + procedural petal clusters. 2. Frogs: Procedural geometry (green body, white belly, eyes, black smile). AI States: - SWIM: Moving in water, only eyes/top visible. - BASK_LILY: Resting on a lily pad. - BASK_SHORE: Resting on the shore. - FLEE: Jumps from shore to water/lily when player approaches. - JUMP: Parabolic motion between two points. Anu domain: FAUNA + FLORA | J30: 1120 lines, 41.5 KB. update() at L645 (281 lines). Writes 3 globals. | K30: MOD-027, MOD-092 | M30: __sanctuaryFrogOnLily; __sanctuaryFrogs; __sanctuaryFrogsRegenerate | N30: WorldPlayer; __sanctuaryBobberPos; __sanctuaryDragonflies; __sanctuaryFishSchool; __sanctuaryLilyPads; sanctuaryPulse | V30: 10 | W30: 2026-06-02 feat(pool): clearer water reveals the deep basin + 10 bigger frogs | Y30: 1120
A31: MOD-027 | B31: js/sanctuary/SanctuaryGround.js | C31: SUB-06 | D31: World environment | E31: Active | F31: 3 | G31: SanctuaryGround | H31: ENVIRONMENT | I31: Sacred Adventures — sanctuary part 1 of 5: GROUND + ATMOSPHERE. Anu domain: ENVIRONMENT. Per her sentience note: "The ground and atmosphere that all bodies must obey." This module owns: • Terrain — gentle organic clearing that cradles the pool. Single PlaneGeometry with vertex displacement; the pool basin is carved at module load via shared `sanctuaryGroundY(x, z)` so other parts (pool, dock, fish, circles) all sit on the same heightfield. • Sky — soft warm-to-cool gradient hemisphere following the camera. No moving clouds, no fbm — the sanctuary should read STILL. • Light — hemisphere + key d | J31: 833 lines, 31.3 KB. update() at L801 (5 lines). | K31: MOD-036, MOD-098 | L31: MOD-003, MOD-004, MOD-005, MOD-006, MOD-007, MOD-008, MOD-009, MOD-011, MOD-012, MOD-013, MOD-014, MOD-015, MOD-019, MOD-020, MOD-021, MOD-022, MOD-023, MOD-024, MOD-026, MOD-028, MOD-031, MOD-034, MOD-035, MOD-039, MOD-042, MOD-043, MOD-047 | N31: __sanctuaryDockSurface; __sanctuaryWaterY | S31: Assets/landscape-scenes/terrain/grass-seamless.png | V31: 16 | W31: 2026-05-30 feat(sanctuary): strong pronounced neumorphic hex tiles for village-view planning | Y31: 833
A32: MOD-028 | B32: js/sanctuary/SanctuaryHexGrid.js | C32: SUB-06 | D32: World environment | E32: Registered, activation commented out | G32: SanctuaryHexGrid | H32: ENVIRONMENT | I32: Sacred Adventures — sanctuary: LEGACY GOLD HEX-LINE GRID. Ports the warm-gold neumorphic hexagon OUTLINE grid from the legacy engine (`EnvironmentBuilder.createVillageHexGrid`) onto the v2 sanctuary scene. The legacy `EnvironmentBuilder` is not loaded by the sanctuary boot path, so this is a self-contained re-implementation of just the line ring — no filled hex tiles, only the elegant boardgame outlines the user asked to bring back. Legacy fidelity (1:1 with EnvironmentBuilder lines 184-224): • 25 m hexagons (RADIUS 25, GAP 0.5 → size 24.5) • 0.25 m border width (inner hole at size - 0.25) • t | J32: 153 lines, 5.4 KB. update() at L139 (0 lines). | K32: MOD-027, MOD-098 | V32: 1 | W32: 2026-05-29 feat(fishing): soften rod struggle sways, and integrate Claude's gold hex grid overlay module | Y32: 153
A33: MOD-029 | B33: js/sanctuary/SanctuaryInventory.js | C33: SUB-12 | D33: Items & save | E33: Active | F33: 36 | G33: SanctuaryInventory | H33: ITEMS | I33: Sacred Adventures — sanctuary part 28 of N: HARVEST INVENTORY. Anu domain: ITEMS (Anu's `items` domain finally has something in it!). The `harvest` verb in Anu's vocabulary becomes real. When a kid clicks (in FPV/chase view) on anything tagged with `anuInteractionVerbs` including HARVEST — bushes, mushroom clusters, planted flowers, planted trees, fish — the world spawns an inventory item of a matching kind into a small floating bag UI in the corner. Five item kinds exposed: 🌿 leaf (from bushes) 🍓 berry (from bushes that rolled the berry payload) 🍄 mushroom (from mushroom clusters) 🌼 petal (fr | J33: 238 lines, 8.7 KB. update() at L216 (0 lines). Writes 2 globals. | K33: MOD-093, MOD-098, MOD-100 | M33: sanctuaryGrant; sanctuaryInventory | O33: ITEM_EVENT | T33: Yes | V33: 1 | W33: 2026-05-19 feat(full-session): fishing overhaul, FPS fix, dock elevation, clean world, sanctuary v2 | Y33: 238
A34: MOD-030 | B34: js/sanctuary/SanctuaryJournalBridge.js | C34: SUB-13 | D34: UI shell & journal | E34: Active | F34: 40 | G34: SanctuaryJournalBridge | I34: Sacred Adventures — sanctuary: Journal ↔ Anu bridge. The SacredGame.Journal.html iframe communicates exclusively via postMessage (self-contained, no Panel dependencies). This module sits in the parent window, translates those messages into Anu's InteractionBus events, AND replies to journal-side queries with fresh sensorium / governance snapshots. Why a dedicated bridge module: • Anu wants to KNOW about UI state changes — journal open/close is a player-mode signal Anu reads in its sensorium roll-up. • The journal wants to DISPLAY live world state — entity counts, governance check pass-rate, ac | J34: 172 lines, 6.7 KB. No update(). Writes 1 globals. | K34: MOD-093, MOD-098 | M34: sanctuaryJournalBridge | N34: AnuUniverse; addEventListener; anuOrchestrator; clearInterval; removeEventListener; setInterval | T34: Yes | V34: 1 | W34: 2026-05-25 feat+perf: journal↔Anu bridge + Help button + Welcome Prev + de-spring + kill 20+ backdrop-filters | Y34: 172
A35: MOD-031 | B35: js/sanctuary/SanctuaryKeyboardLook.js | C35: SUB-08 | D35: Player | E35: Active | F35: 24 | G35: SanctuaryKeyboardLook | H35: PLAYER | I35: Sacred Adventures — sanctuary part 18 of N: KEYBOARD MOVE + LOOK. Anu domain: PLAYER (input + intent). The click-to-move module already walks the body to a goal point; this module adds WASD direct steering + arrow-key look-around so the player can do what they want every frame instead of one click at a time. Binding (kid-friendly, no caps required, no modifiers): W / ↑ move forward (toward where the camera is looking, on the XZ plane) S / ↓ move backward A strafe left D strafe right Q turn yaw left (also rebinds to bumper-thumb friendly) E turn yaw right ← → turn yaw left / right (arrow altern | J35: 294 lines, 11.9 KB. update() at L112 (170 lines). Per-frame hazards: alloc_three×2, dom_query×1. Writes 1 globals. | K35: MOD-015, MOD-027 | M35: __sanctuaryPlayerYaw | N35: __sanctuaryAvatar; __sanctuaryJoystickInput; __sanctuaryZoomFactor; _v4CancelClickToMove; _v4InputSuppressed; addEventListener; removeEventListener | T35: Yes | V35: 7 | W35: 2026-05-28 fix(fishing,avatar,travel): gauge stays in PIP at low opacity + half-submerged swim + 40mm decal clearance | Y35: 294
A36: MOD-032 | B36: js/sanctuary/SanctuaryMapGeneratorUi.js | C36: SUB-10 | D36: Structures & village building | E36: Active | F36: 23 | G36: SanctuaryMapGeneratorUi | I36: Sacred Adventures — SanctuaryMapGeneratorUi The GENERATE SCENE / CLEAR SCENE buttons have been merged into SanctuaryToolPalette, which now renders a unified "FLORA & BUILD" panel attached flush below the OrchestratorHud in Village View. This module stub is kept so the index.html boot sequence doesn't break. | J36: 17 lines, 0.5 KB. update() at L14 (0 lines). | T36: Yes | V36: 3 | W36: 2026-05-26 refactor: promote index.v4.html → index.html as canonical entry point | Y36: 17
A37: MOD-033 | B37: js/sanctuary/SanctuaryMutations.js | C37: SUB-10 | D37: Structures & village building | E37: Active | F37: 13 | G37: SanctuaryMutations | H37: ENVIRONMENT | I37: Sacred Adventures — sanctuary part 9 of N: WORLD-MUTATION REGISTRY. The foundation kids stand on when they shape this world. Each recognised "tool" (grow_hill, plant_tree, plant_bush, plant_lily, plant_rock) becomes a registered mutation type. When the player acts in top-down mode, the active tool publishes one mutation through this registry; the registry then: 1. Applies the visual effect (spawns mesh / lifts terrain / etc.). 2. Records the mutation in a list so SAVE serialises it. 3. Dispatches `ANU_EVENTS.SANCTUARY_MOLD` on the InteractionBus so Anu sees every kid edit. This module is the S | J37: 169 lines, 5.2 KB. update() at L157 (0 lines). Writes 1 globals. | K37: MOD-093, MOD-098, MOD-100 | M37: SanctuaryMutations | N37: localStorage | O37: SANCTUARY_MOLD | T37: Yes | V37: 1 | W37: 2026-05-19 feat(full-session): fishing overhaul, FPS fix, dock elevation, clean world, sanctuary v2 | Y37: 169
A38: MOD-034 | B38: js/sanctuary/SanctuaryPondTrees.js | C38: SUB-06 | D38: World environment | E38: Active | F38: 42 | G38: SanctuaryPondTrees | H38: FLORA | I38: Sacred Adventures — sanctuary: SanctuaryPondTrees (InstancedMesh refactor) Recreates the misty sacred pond atmosphere using high-quality photorealistic assets (tree.glb, bush.glb, and reeds.glb). All flora is now rendered using THREE.InstancedMesh to achieve massive density (36 trees, 72 bushes, 24 reeds) with exactly zero FPS drop. Anu domain: FLORA | J38: 354 lines, 14.1 KB. update() at L335 (8 lines). | K38: MOD-027, MOD-104 | S38: Assets/bush.glb; Assets/flora/reeds.glb; Assets/tree.glb | V38: 7 | W38: 2026-05-30 perf(scene): cull far flora + raise PIP stride + tree frustum-cull/leaf-shadow | X38: FND-43 | Y38: 354
A39: MOD-035 | B39: js/sanctuary/SanctuaryPool.js | C39: SUB-06 | D39: World environment | E39: Active | F39: 4 | G39: SanctuaryPool | I39: Sacred Adventures — sanctuary part 2 of 5: THE POOL. The centrepiece. A sacred dark-water pool with organic edges. Anu domain: ENVIRONMENT (water itself isn't a structure; it's part of the ground-and-atmosphere that bodies must obey). Pieces: • Water surface — CircleGeometry, 48 segments, animated 3-wave ripple shader. Sits at `groundY(center) + WATER_DROP_M`. Transparent at 0.62 so the fish and bowl floor read through cleanly. • Basin floor — second darker disc just under the water, gives the pool a sense of depth (the carved terrain under it is mostly hidden). • Lily pads — 14 instanced low- | J39: 2119 lines, 84.7 KB. update() at L2000 (90 lines). Writes 2 globals. | K39: MOD-027, MOD-036, MOD-092, MOD-098 | M39: __sanctuaryLilyPads; __sanctuaryWaterY | S39: Assets/landscape-scenes/terrain/rock.png | V39: 39 | W39: 2026-06-02 feat(pool): clearer water reveals the deep basin + 10 bigger frogs | X39: FND-30, FND-35, FND-36, FND-38, FND-39, FND-40 | Y39: 2119
A40: MOD-036 | B40: js/sanctuary/SanctuarySceneConstructor.js | C40: SUB-06 | D40: World environment | E40: Imported library (no module lifecycle) | I40: SanctuarySceneConstructor.js A lightweight asset loading and compiling performance wrapper. Ensures that all texture loads and shader compilations are telemetry-asserted to monitor their impact on our strict 120 FPS budget (8.33ms). | J40: 53 lines, 1.5 KB. No update(). | L40: MOD-027, MOD-035 | V40: 1 | W40: 2026-05-26 okay -- its trying to fix fps panel and sucking at it | Y40: 53
A41: MOD-037 | B41: js/sanctuary/SanctuarySky.js | C41: SUB-06 | D41: World environment | E41: Active | F41: 12 | G41: SanctuarySky | H41: ENVIRONMENT | I41: Sacred Adventures — sanctuary part 11 of N: SKY · CLOUDS + BIRDS. Anu domain: ENVIRONMENT. Atmosphere layer that lives between the sky dome and the meadow. Two pieces: • Cloud puffs — 9 low-poly cumulus shapes (clustered icospheres painted soft white) drifting slowly on the wind. Each cloud is a small group of 2-3 overlapping spheres so the silhouette reads soft, not perfect. • Distant birds — 16 tiny dark "V" sprites circling at high altitude. They're billboard quads with a baked bird-silhouette canvas texture, billboarded to always face the camera. Cheap, alive, magical. Triangle target: clo | J41: 312 lines, 11.0 KB. update() at L249 (48 lines). | K41: MOD-098 | N41: __sanctuaryAvatar | T41: Yes | V41: 1 | W41: 2026-05-19 feat(full-session): fishing overhaul, FPS fix, dock elevation, clean world, sanctuary v2 | Y41: 312
A42: MOD-038 | B42: js/sanctuary/SanctuaryTipiNpcs.js | C42: SUB-09 | D42: Population (NPCs) | E42: Active | F42: 29 | G42: SanctuaryTipiNpcs | I42: Sacred Adventures — sanctuary seated NPCs (v2 1:1). Yellow Butterfly @ Tipi 1, BHG @ Tipi 2 — same scale, seat offsets, photoreal gold/wood travel discs, and facing arrows as v2 World. | J42: 367 lines, 13.2 KB. update() at L304 (42 lines). Writes 1 globals. | K42: MOD-082, MOD-098, MOD-099, MOD-103, MOD-104 | M42: __regenerateTipiNpcs | N42: __sanctuaryAvatar; __sanctuaryMapType; __sanctuaryTipi1Anchor; __sanctuaryTipi1PlatMesh; __sanctuaryTipi1Yaw; __sanctuaryTipi2Anchor; __sanctuaryTipi2PlatMesh; __sanctuaryTipi2Yaw; __sanctuaryTipi4Anchor; __sanctuaryTipi4PlatMesh; __sanctuaryTipi4Yaw | S42: Assets/NPC.BHG.glb; Assets/NPC.REG.lite.glb; Assets/NPC.YB.glb | T42: Yes | V42: 4 | W42: 2026-10-22 perf(assets): lite REG + tipi models (PLN-01, PLN-02) | X42: FND-01, FND-03 | Y42: 367
A43: MOD-039 | B43: js/sanctuary/SanctuaryTipis.js | C43: SUB-10 | D43: Structures & village building | E43: Active | F43: 28 | G43: SanctuaryTipis | I43: Sacred Adventures — sanctuary: v2 tipis (1:1 structures). Loads the same yellow-butterfly GLB, sacred wooden platforms, 7.2 m scale, and BHG stripe shader as `js/v2/WorldStructures.js` — placed at v2 village coordinates so they sit beside the sanctuary pool at (0,0). | J43: 558 lines, 20.5 KB. update() at L495 (0 lines). Writes 18 globals. | K43: MOD-027, MOD-080, MOD-082, MOD-098, MOD-103, MOD-104 | M43: __regenerateTipis; __sanctuaryTipi1Anchor; __sanctuaryTipi1DeckTopY; __sanctuaryTipi1PlatMesh; __sanctuaryTipi1Yaw; __sanctuaryTipi2Anchor; __sanctuaryTipi2DeckTopY; __sanctuaryTipi2PlatMesh; __sanctuaryTipi2Yaw; __sanctuaryTipi3Anchor; __sanctuaryTipi3DeckTopY; __sanctuaryTipi3PlatMesh; __sanctuaryTipi3Yaw; __sanctuaryTipi4Anchor; __sanctuaryTipi4DeckTopY; __sanctuaryTipi4PlatMesh; __sanctuaryTipi4Yaw; sanctuaryMoveTipi | N43: __sanctuaryMapType | S43: Assets/Tipi.yellowbutterfly/tipi.yellowbutterfly.lite.glb | T43: Yes | V43: 7 | W43: 2026-10-22 perf(assets): lite REG + tipi models (PLN-01, PLN-02) | X43: FND-02 | Y43: 558
A44: MOD-040 | B44: js/sanctuary/SanctuaryToolPalette.js | C44: SUB-10 | D44: Structures & village building | E44: Active | F44: 22 | G44: SanctuaryToolPalette | I44: Sacred Adventures — Village Build Panel A "FLORA & BUILD" panel that attaches FLUSH BELOW the OrchestratorHud (the brown "60 FPS" panel, top-right). Visible ONLY in Village View (body.v4-top-down-view). Looks like a single unified unit with the HUD above it. Layout: 2-column grid of mold-tool tiles + GENERATE / CLEAR scene buttons. Positioning: ResizeObserver on #v2-orchestrator-hud so the panel tracks the HUD's height as accordions expand/collapse. Tool set matches SanctuaryMutations.TOOLS vocabulary: SELECT · HILL · TREE · FLOWER · BUSH · LILY · ROCK · TIPI | J44: 521 lines, 17.7 KB. update() at L506 (0 lines). Writes 2 globals. | K44: MOD-098 | M44: __sanctuaryMapType; __sanctuaryMoldTool | N44: SanctuaryGround; SanctuaryMutations; __regenerateBraziers; __regenerateDock; __regeneratePoolObjects; __regenerateTerrain; __regenerateTipiNpcs; __regenerateTipis | T44: Yes | V44: 5 | W44: 2026-06-01 feat(mobile): village build panel → neumorphic bottom sheet + de-dupe map | X44: FND-24 | Y44: 521
A45: MOD-041 | B45: js/sanctuary/SanctuaryTravelDisc.js | C45: SUB-08 | D45: Player | E45: Imported library (no module lifecycle) | I45: v2 photoreal travel disc + ring + facing arrow (legacy `TravelFloorCircleMaterials.js`). Replaces the May-18 canvas-baked decals that read flat/cheap compared to the main game's gold-green shader circles. | J45: 206 lines, 8.6 KB. No update(). | K45: MOD-098, MOD-099, MOD-103 | L45: MOD-011 | V45: 4 | W45: 2026-05-28 fix(avatar,decals): player disc body renderOrder 8 -> 18 + depthTest:false so it paints over dock | Y45: 206
A46: MOD-042 | B46: js/sanctuary/SanctuaryVillagePad.js | C46: SUB-10 | D46: Structures & village building | E46: Active | F46: 27 | G46: SanctuaryVillagePad | H46: STRUCTURES | I46: Sacred Adventures — sanctuary part 22 of N: VILLAGE BUILD PAD. Anu domain: STRUCTURES. A flat raised stone platform on the east side of the valley (opposite the dock) — the "future home" marker where Tipi 1 + Tipi 2 will phase back in when those models are brought over from v2. For now the pad reads as sacred ground waiting to be filled: chunky hex-plate ringed by short standing stones, a soft golden inner glow, and a single planting socket marker at the centre. Why a single pad (not two): the user's eventual plan is two tipis but for the kid-pad-of-possibility this turn we ship ONE clearly- m | J46: 204 lines, 7.4 KB. update() at L184 (5 lines). Writes 1 globals. | K46: MOD-027, MOD-098 | M46: __sanctuaryVillagePad | T46: Yes | V46: 1 | W46: 2026-05-19 feat(full-session): fishing overhaul, FPS fix, dock elevation, clean world, sanctuary v2 | Y46: 204
A47: MOD-043 | B47: js/sanctuary/SanctuaryWaterFootsteps.js | C47: SUB-08 | D47: Player | E47: Active | F47: 10 | G47: SanctuaryWaterFootsteps | H47: PLAYER | I47: Sacred Adventures — sanctuary: FOOTSTEP SOUNDS. Two looping sounds driven by avatar position + speed: • avatar-walking.mp3 — plays when moving on land. • water-walking.mp3 — plays (instead) when moving inside the pond. Both use plain <audio> elements — no AudioContext dependency. Volume is lerped each frame for smooth fade in/out. Anu domain: PLAYER. | J47: 115 lines, 3.4 KB. update() at L57 (26 lines). | K47: MOD-027, MOD-098 | N47: __sanctuaryAvatar; __sanctuaryMuted | S47: Assets/sounds/avatar-walking.mp3; Assets/sounds/water-walking.mp3 | V47: 2 | W47: 2026-05-29 feat(sanctuary): center-screen responsive welcome guide, organic shore, and mossy boulders | Y47: 115
A48: MOD-044 | B48: js/sanctuary/SanctuaryWeather.js | C48: SUB-06 | D48: World environment | E48: Active | F48: 37 | G48: SanctuaryWeather | H48: ENVIRONMENT | I48: Sacred Adventures — sanctuary part 31 of N: WEATHER. Anu domain: ENVIRONMENT. Rain (and the ambient mood that comes with it). One toggle on the controls bar — when on: • Rain is rendered as a single `THREE.Points` cloud above the player (~1800 droplets), wrapping in a 30 m radius column. Each droplet falls at ~9 m/s with a small horizontal drift so the rain reads as a sheet, not a vertical waterfall. • Sky tints cooler + dims by 22 % (we mute the directional light + drop ambient saturation). • A soft pink-noise "rain hiss" bed is added to the ambient mix (we trigger an event the AmbientModule | J48: 209 lines, 7.1 KB. update() at L146 (44 lines). | K48: MOD-098 | N48: __sanctuaryAvatar; dispatchEvent | R48: dom:anu:weather-change | T48: Yes | V48: 1 | W48: 2026-05-19 feat(full-session): fishing overhaul, FPS fix, dock elevation, clean world, sanctuary v2 | Y48: 209
A49: MOD-045 | B49: js/sanctuary/SanctuaryWelcomeGuide.js | C49: SUB-13 | D49: UI shell & journal | E49: Active | F49: 39 | G49: SanctuaryWelcomeGuide | I49: Sacred Adventures — sanctuary: Welcome Guide. 5-page tutorial overlay shown on first visit (persisted via localStorage). Visual language: 1:1 with the user's preserved screenshot — warm-tone transparent dark background, gold "WELCOME GUIDE" pill, gold title, cream body, page-dots / Skip / Next controls. Palette borrowed from the OrchestratorHud so the guide reads as part of the same visual world: bg : linear-gradient warm browns + 80 % opacity (translucent) gold : #fbc02d / #c6a035 cream : #fff7d0 / #ffe9a8 border: rgba(251,192,45,0.42) Behaviour: • Auto-shows ~1.8 s after orchestrator boot (g | J49: 465 lines, 15.9 KB. No update(). Writes 1 globals. | M49: sanctuaryWelcome | N49: addEventListener; setTimeout | T49: Yes | V49: 8 | W49: 2026-05-29 feat(sanctuary): center-screen responsive welcome guide, organic shore, and mossy boulders | Y49: 465
A50: MOD-046 | B50: js/sanctuary/SanctuaryWorldPlayerShim.js | C50: SUB-08 | D50: Player | E50: Active | F50: 11 | G50: SanctuaryWorldPlayerShim | I50: Sacred Adventures — sanctuary part 35 of N: WORLDPLAYER SHIM. Bridges the v2 orchestrator's PIP pipeline (which expects a `WorldPlayer` runtime service with `{ feet, yaw, mainCanvasMapView }`) to v4's `SanctuaryAvatar` (which exposes `window.__sanctuaryAvatar` + `window.__sanctuaryPlayerYaw`). **Why this is needed:** the orchestrator's `_renderPip()` bails out if `getRuntimeService("WorldPlayer")` returns nothing — that was the direct cause of "PIP is broken" in v4. v4 doesn't load WorldPlayer (that's a v2-world-specific module with terrain colliders, autowalk, etc.); we just need the three sh | J50: 86 lines, 2.7 KB. update() at L69 (5 lines). Writes 2 globals. | K50: MOD-061 | M50: WorldPhysics; WorldPlayer | N50: __sanctuaryAvatar; __sanctuaryPlayerYaw | Q50: WorldPlayer; uses:WorldPlayer | V50: 2 | W50: 2026-05-24 Fix compass PIP letters rightside up and register Antigravity in Anu governance | Y50: 86
A51: MOD-047 | B51: js/sanctuary/SanctuaryWorldTemplate.js | C51: SUB-16 | D51: Legacy / unused code | E51: Unreferenced by any entry page | G51: MyKidWorld | I51: Sacred Adventures — KID WORLD TEMPLATE. Copy this file, rename the export + the `name` field, and you have a brand-new world module that plugs into the same Anu / PIP / Panel / Journal pipeline every other sanctuary module uses. The orchestrator picks it up the moment you `register()` + `activate()` it. ┌─────────────────────────────────────────────────────────────────┐ │ THE FIVE THINGS EVERY KID WORLD KNOWS │ ├─────────────────────────────────────────────────────────────────┤ │ 1. WHERE IT LIVES — Anu domain it owns (one of the 8 below). │ │ 2. WHAT IT BUILDS — meshes/groups it adds to the s | J51: 243 lines, 10.7 KB. update() at L205 (8 lines). | K51: MOD-027, MOD-093, MOD-098, MOD-100 | N51: SanctuaryMutations; anuOrchestrator; postMessage | O51: SOMETHING | R51: MY_KID_WORLD_HELLO; YOUR_EVENT | V51: 2 | W51: 2026-05-26 refactor: promote index.v4.html → index.html as canonical entry point | Y51: 243
A52: MOD-048 | B52: js/sanctuary/SanctuaryZoom.js | C52: SUB-08 | D52: Player | E52: Active | F52: 25 | G52: SanctuaryZoom | H52: PLAYER | I52: Sacred Adventures — sanctuary part 20 of N: SCROLL-WHEEL ZOOM. Anu domain: PLAYER (input + intent). Mouse wheel scales the camera distance in both view modes: • FPV / chase view — wheel adjusts a `_zoomFactor` ∈ [0.45, 2.4] that the keyboard-look chase camera reads as a multiplier for CAMERA_BACK and CAMERA_UP. Wheel up = zoom IN toward avatar; wheel down = pull back. • Top-down view — wheel scales the orbital camera Y (height above the world). Range 14 .. 70 m. The tool palette stays usable since the X/Z centre doesn't move. The keyboard-look module reads `window.__sanctuaryZoomFactor` each f | J52: 109 lines, 3.7 KB. update() at L93 (0 lines). Writes 2 globals. | M52: __sanctuaryTopDownHeight; __sanctuaryZoomFactor | T52: Yes | V52: 1 | W52: 2026-05-19 feat(full-session): fishing overhaul, FPS fix, dock elevation, clean world, sanctuary v2 | Y52: 109
A53: MOD-049 | B53: js/v2/AnuModule.js | C53: SUB-03 | D53: ANU governance & telemetry | E53: Active | F53: 1 | G53: Anu | I53: Anu Universe — AnuModule IS the orchestrator module: the SacredOrchestrator instance (renderer, scene, loop, registry) is Anu's engine shell. window.AnuUniverse exposes governance (pipeline memory, rendering governor, interaction bus). Naming (bulletproof): - Class: SacredOrchestrator (import from Orchestrator.js) - Canonical live singleton: window.anuOrchestrator (same object as AnuUniverse.anuOrchestrator) - Legacy alias: window.Orchestrator (same object — prefer anuOrchestrator) - Discriminator on the live shell: instance.isSacredOrchestratorShell === true Product (governance label): The Em | J53: 561 lines, 20.3 KB. update() at L534 (3 lines, every 240f). Writes 1 globals. | K53: MOD-061, MOD-100, MOD-101, MOD-102, MOD-103 | L53: MOD-065 | M53: AnuUniverse | N53: Orchestrator; ThreeIconManager; anuOrchestrator; icons | O53: FUZZY_PIPELINE_SENSOR; GOVERNANCE_SNAPSHOT; WORLD_SENSORIUM | U53: Yes | V53: 21 | W53: 2026-05-27 fix(hud,anu): unify FPS source on orc.smoothFPS + make .report() return real snapshots | Y53: 561
A54: MOD-050 | B54: js/v2/BuildMode.js | C54: SUB-16 | D54: Legacy / unused code | E54: Legacy v2 build only (index.v2.html) | G54: BuildMode | I54: Sacred Adventures v2 — Build Mode. Two creative modes the player can toggle on top of the regular walking gameplay: • **Seed planting (T)** — click bare grass to drop a seed. The seed grows from a 5 cm sapling through 4 ease-out phases into a full ~5 m tree over `SEED_GROW_MS`. Per-seed wall-clock timestamp so reloads pick up where they left off (a seed planted 20 s ago is 2/3 of the way grown). • **Tipi placement (B)** — click clear ground to drop a procedural tipi marker (cone + flag pole). 10–12 of these is the user's target "village" the kid is building. Persistence: localStorage `v2.build | J54: 973 lines, 34.7 KB. update() at L328 (20 lines). Writes 1 globals. | K54: MOD-057, MOD-061, MOD-074, MOD-098, MOD-104 | M54: _v2BuildClear | N54: _v2InputSuppressed; addEventListener; anuOrchestrator; localStorage; removeEventListener | S54: Assets/tree.glb | U54: Yes | V54: 1 | W54: 2026-05-19 feat(full-session): fishing overhaul, FPS fix, dock elevation, clean world, sanctuary v2 | Y54: 973
A55: MOD-051 | B55: js/v2/BuildingPanelUI.js | C55: SUB-10 | D55: Structures & village building | E55: Imported library (no module lifecycle) | I55: Sacred Adventures — BuildingPanelUI (BLD-1: building-types panel, list-only) A self-initializing left-side panel shown ONLY in Village (top-down) view, listing the village building TYPES — Tipi 1/2/3, Fish Dock, Sacred Pool. List-only this pass: the (+) affordance is disabled ("coming soon") — no placement yet. Neumorphic dark-brown HUD theme to match the rest of the chrome. Consumes window.SanctuaryBuildings (the registry) when present; otherwise degrades to a static list so it always renders. Re-renders on `sanctuary:buildings:changed`. (Built per scaffold_building_registry.md — user 2026-06 | J55: 150 lines, 5.4 KB. No update(). | N55: SanctuaryBuildings; addEventListener | V55: 1 | W55: 2026-06-03 feat(village): building-types panel in village view (Tipi/Dock/Pool, list-only) | Y55: 150
A56: MOD-052 | B56: js/v2/ClickToMoveMarker.js | C56: SUB-16 | D56: Legacy / unused code | E56: Legacy v2 build only (index.v2.html) | I56: Sacred Adventures v2 — click-to-move visual marker. Two pieces: • A small gold "X" lying flat on the ground at the click destination. • A treasure-map trail of yellow semi-transparent FOOTPRINTS from the player toward the X (May-15 2026 user spec: "change dash line to yellow semi transparent footprints on top of the landscape … to the X like a treasure map"). Each footprint follows the heightfield (per-print `terrainY` sample), and alternating prints are offset ± perpendicular to the path so the trail reads as left-foot / right-foot footsteps rather than a single line. Lifecycle (driven by Wor | J56: 336 lines, 14.2 KB. No update(). | K56: MOD-061, MOD-098 | L56: MOD-069 | Q56: uses:WorldPhysics | U56: Yes | V56: 1 | W56: 2026-05-19 feat(full-session): fishing overhaul, FPS fix, dock elevation, clean world, sanctuary v2 | Y56: 336
A57: MOD-053 | B57: js/v2/ConfettiBurst.js | C57: SUB-16 | D57: Legacy / unused code | E57: Unreferenced by any entry page | I57: Sacred Adventures v2 — confetti burst particle module. Used by the Quest-1 "Start Game" balloon pop: 150 small flat-plane confetti pieces in a gold + nature palette tumble outward from the balloon, then fall under gravity and air drag until they rest on the terrain as gently-fading colored sparkles. Design: one InstancedMesh draw call for all pieces. Per-instance matrix + color are mutated each tick. Cheap on the GPU; the dominant cost is JS per-tick math on ~150 small particles. Lifecycle: const burst = createConfettiBurst({ scene, origin, terrainY }); // each frame: burst.update(dt); // when | J57: 344 lines, 11.8 KB. No update(). | K57: MOD-098 | V57: 1 | W57: 2026-05-19 feat(full-session): fishing overhaul, FPS fix, dock elevation, clean world, sanctuary v2 | Y57: 344
A58: MOD-054 | B58: js/v2/Fauna.js | C58: SUB-16 | D58: Legacy / unused code | E58: Legacy v2 build only (index.v2.html) | G58: Fauna | I58: Sacred Adventures v2 — Fauna pillar. • Three rabbit families, each with one adult + two kits. Kits lagomorph-follow their parent (**comfort-radius PD** + exploratory lateral sway) behind mom’s hips; turn‑first steering; gravity‑limited hops (kits ≤ **2× body length**). • **Saltatory kinematics**: shared gait oscillator modulates forward speed & synchronizes ballistic pushes (mom & kits at different amplitude caps); forward accel is jerk-limited (`MOM_FORWARD_*`, `BABY_FORWARD_*`) — no instantaneous glide from idle to sprint. • **Animation**: the GLB hop/idle clip's `timeScale` tracks horizonta | J58: 2153 lines, 77.1 KB. update() at L1887 (213 lines). | K58: MOD-061, MOD-083, MOD-103, MOD-104 | N58: natureSpiritSystem | Q58: uses:AnuNatureAwareness; uses:WorldPhysics; uses:WorldPlayer | S58: Assets/rabbit.animated.glb | U58: Yes | V58: 5 | W58: 2026-05-24 fix(fauna): use GLTFLoaderWithDraco for rabbit model loading | Y58: 2153
A59: MOD-055 | B59: js/v2/Flora.js | C59: SUB-16 | D59: Legacy / unused code | E59: Legacy v2 build only (index.v2.html) | G59: Trees | I59: Sacred Adventures v2 — Flora: `Assets/tree.glb` planted with legacy `js/EnvironmentBuilder.js` rings, scaling, foliage tint swatch, accumulated `uTime` wind on canopy leaves plus softer branch/trunk sway on non-foliage meshes, and terrain-hugging dirt discs. v2 differs from legacy only where required for this shell: trees stay on the default scene layer so the main camera (which does not enable legacy layer 3) still draws them. | J59: 1976 lines, 75.5 KB. update() at L1725 (52 lines). | K59: MOD-056, MOD-057, MOD-061, MOD-093, MOD-094, MOD-098, MOD-100, MOD-103, MOD-104 | L59: MOD-063 | N59: WorldPhysics; WorldPlayer; anuOrchestrator | P59: SEASON_CHANGE | Q59: uses:WorldPhysics; uses:WorldPlayer | S59: Assets/tree.glb | U59: Yes | V59: 9 | W59: 2026-05-30 perf(scene): cull far flora + raise PIP stride + tree frustum-cull/leaf-shadow | X59: FND-10 | Y59: 1976
A60: MOD-056 | B60: js/v2/FloraLegacyTreeLayout.js | C60: SUB-16 | D60: Legacy / unused code | E60: Legacy v2 build only (index.v2.html) | I60: Forest slot list — literal reproduction of `js/EnvironmentBuilder.js` (ANIME FOREST block): same `minDistanceSq`, hex snap hook, ring counts, radii, and `tryAddPosition(scale, widthOverride?)` keys. Final headcount depends on overlap rejection — `Flora.js` applies `V2_FLORA_MAX_TREE_INSTANCES` when FPS / triangle budget bites (see ANU_PIPELINE_MEMORY trees-instancing). Uses `Math.random()` like legacy (non-deterministic per page load). When `window.getNearestHexCenter` exists (legacy board), positions snap to hex centers; otherwise raw XZ is kept. | J60: 235 lines, 8.9 KB. No update(). | K60: MOD-103 | L60: MOD-055 | N60: getNearestHexCenter | U60: Yes | V60: 5 | W60: 2026-05-19 feat(full-session): fishing overhaul, FPS fix, dock elevation, clean world, sanctuary v2 | Y60: 235
A61: MOD-057 | B61: js/v2/MapsConfig.js | C61: SUB-15 | D61: Shared config & helpers | E61: Imported library (no module lifecycle) | I61: Sacred Adventures v2 — Maps registry. Each entry is a snapshot of the dialled terrain + colour + flora parameters that produce a distinct sanctuary look. The active map id is persisted to `localStorage` under `v2.maps.activeId` so it survives page reloads; `window._v2SetMap(id)` swaps and reloads. Module responsibilities reading from the active map: • `WorldTerrain.terrainY` — bowl + hill + mountain heights. • `World.js` per-vertex colour pass — meadow / hill / mountain / snow tinting bands. • Future: build-mode placement bounds, allowed building counts, seed-growth tree-mix overrides. Pond ce | J61: 236 lines, 7.9 KB. No update(). Writes 3 globals. | L61: MOD-050, MOD-055, MOD-060, MOD-069, MOD-083 | M61: _v2ActiveMap; _v2ListMaps; _v2SetMap | N61: localStorage; location | U61: Yes | V61: 7 | W61: 2026-05-29 Revert "chore(maps): force-reset active map in localStorage to scene0 + coordinate handoff" | Y61: 236
A62: MOD-058 | B62: js/v2/NPCBehaviour.js | C62: SUB-09 | D62: Population (NPCs) | E62: Imported library (no module lifecycle) | I62: Sacred Adventures v2 — tipi-owner proximity behaviour controller. Each tipi has an "owner" NPC. Today only NPC.YB (tipi 1) is wired, but the controller is designed so future tipi owners can drop in without changing World.js (one update-call per frame is already there for each tipi). Behaviour spec (May-2026 user request — wave moved from approach to depart; May-12 follow-up widened the approach trigger from 1.0 → 1.5 tiles): when player is within 1.5 tiles of tipi → NPC stands up and walks to a fixed entrance point in front of the tipi (no wave on approach). On arrival, swap to idle clip and w | J62: 635 lines, 25.1 KB. No update(). | K62: MOD-093, MOD-100, MOD-103 | L62: MOD-082 | O62: PLAYER_NPC_GREETING | U62: Yes | V62: 3 | W62: 2026-05-19 feat(full-session): fishing overhaul, FPS fix, dock elevation, clean world, sanctuary v2 | Y62: 635
A63: MOD-059 | B63: js/v2/Orchestrator.js | C63: SUB-02 | D63: Engine shell | E63: Imported library (no module lifecycle) | I63: Sacred Adventures v2 — SacredOrchestrator (Anu engine shell) Responsibilities: 1. Own the Three.js renderer, scene, camera, and clock 2. Maintain a MODULE REGISTRY — each module is a named object with { name, load(), unload(), update(delta) } 3. Benchmark FPS cost of every module in isolation 4. Drive the requestAnimationFrame loop and call active module updates 5. Render an on-screen HUD showing live FPS and active module list 6. Expose the live shell as window.anuOrchestrator (canonical). window.Orchestrator is a legacy alias for the same instance. Class SacredOrchestrator ≠ global: import t | J63: 1843 lines, 77.7 KB. No update(). Writes 4 globals. | K63: MOD-060, MOD-061, MOD-086, MOD-087, MOD-090, MOD-092, MOD-093, MOD-094, MOD-096, MOD-097, MOD-100, MOD-103 | M63: Orchestrator; __isRenderingPip; __mobileTexCap; anuOrchestrator | N63: AnuUniverse; WorldPlayer; __sanctuaryBobberPos; __sanctuaryFishingActive; __sanctuaryFloraTimeUniform; _globalTime; addEventListener; devicePixelRatio; innerHeight; innerWidth; localStorage; removeEventListener; swayTrees | O63: MODULE_ACTIVATED; MODULE_DEACTIVATED; ORCHESTRATOR_BENCH_COMPLETE | Q63: uses:PipOrthoBranchClip; uses:WorldPlayer | U63: Yes | V63: 51 | W63: 2026-10-22 perf(pip,fishing): drop limbo PIP_FRAME relay, skip dead fishing scan, no transmission pass | X63: FND-03, FND-04, FND-05, FND-06, FND-07, FND-08, FND-09, FND-11, FND-14, FND-16, FND-20, FND-21, FND-22, FND-31, FND-44 | Y63: 1843
A64: MOD-060 | B64: js/v2/OrchestratorHud.js | C64: SUB-02 | D64: Engine shell | E64: Imported library (no module lifecycle) | I64: SacredOrchestrator HUD — extracted from Orchestrator.js (Phase 9+ split). Pure rendering / DOM functions. No lifecycle state of its own; every function takes the live orchestrator (`orc`) and reads from its public surface (`renderer.info`, `_activeModules`, `_hud`, `_bench`, …). Why split: Orchestrator.js had grown to 1267 LOC and the HUD HTML + `_updateHUDValues` + `_drawFrameGraph` accounted for ~300 of those — orthogonal to the coordination role the file should have. Pulling them out drops Orchestrator.js to ~960 LOC and gives the HUD its own surface that can be reskinned without touching t | J64: 972 lines, 40.6 KB. No update(). Writes 2 globals. | K64: MOD-057, MOD-061, MOD-089, MOD-092, MOD-096, MOD-103 | L64: MOD-059 | M64: _v2SyncVillageViewRightStack; _v4GetPipelineTrace | N64: AnuUniverse; _detectedHz; addEventListener; clearInterval; devicePixelRatio; setInterval | Q64: uses:WebFontsService | U64: Yes | V64: 10 | W64: 2026-06-01 feat(mobile): village build panel → neumorphic bottom sheet + de-dupe map | Y64: 972
A65: MOD-061 | B65: js/v2/RuntimeServices.js | C65: SUB-02 | D65: Engine shell | E65: Imported library (no module lifecycle) | I65: Sacred Adventures v2 — lightweight runtime service registry. Modules use this for live cross-module state instead of reaching directly for window.* globals. Legacy globals can stay as aliases while the V2 modules move toward an explicit runtime contract. | J65: 175 lines, 5.8 KB. No update(). | L65: MOD-046, MOD-049, MOD-050, MOD-052, MOD-054, MOD-055, MOD-059, MOD-060, MOD-064, MOD-067, MOD-068, MOD-069, MOD-073, MOD-078, MOD-081, MOD-082, MOD-090, MOD-094 | U65: Yes | V65: 3 | W65: 2026-05-27 refactor(fonts): centralize font loading via WebFontsService and implement advanced proximity culling for high-res PiP minimap | X65: FND-11 | Y65: 175
A66: MOD-062 | B66: js/v2/TipiCampfire.js | C66: SUB-10 | D66: Structures & village building | E66: Imported library (no module lifecycle) | J66: 338 lines, 12.1 KB. update() at L171 (16 lines). | K66: MOD-098, MOD-103 | L66: MOD-082 | U66: Yes | V66: 4 | W66: 2026-05-19 feat(full-session): fishing overhaul, FPS fix, dock elevation, clean world, sanctuary v2 | Y66: 338
A67: MOD-063 | B67: js/v2/Trees.js | C67: SUB-16 | D67: Legacy / unused code | E67: Legacy v2 build only (index.v2.html) | I67: Sacred Adventures v2 — orchestrator activates this file as **`Trees`**. Legacy EnvironmentBuilder-grade forest pipeline (multipart `tree.glb`, foliage tints, shader wind, terrain dirt discs, PiP ortho branch clip): implemented in `./Flora.js`. | J67: 8 lines, 0.3 KB. No update(). | K67: MOD-055 | U67: Yes | V67: 5 | W67: 2026-05-10 feat(v2): legacy-quality forest pipeline as Trees · 2× slots · ANU | Y67: 8
A68: MOD-064 | B68: js/v2/UIModule.js | C68: SUB-05 | D68: PiP minimap & compass | E68: Active | F68: 26 | G68: PanelsPIP | J68: 307 lines, 11.2 KB. update() at L246 (28 lines, every 10f). Per-frame hazards: dom_query×1, dom_write×1. | K68: MOD-061, MOD-092, MOD-106 | N68: WorldPlayer; postMessage | Q68: WebFontsService; uses:WorldPlayer | R68: TOGGLE_VIEW_MODE | U68: Yes | V68: 33 | W68: 2026-05-31 refactor(pip): rename 'moondial' -> 'pip-compass' (it is a compass, not a moondial) | X68: FND-26 | Y68: 307
A69: MOD-065 | B69: js/v2/UniverseModule.js | C69: SUB-16 | D69: Legacy / unused code | E69: Unreferenced by any entry page | I69: Legacy path — Anu (`AnuModule.js`) is the sole SacredOrchestrator coordinator. - Prefer `import { AnuModule } from "./AnuModule.js"` and `orc.register(AnuModule)`. - `UniverseModule` is an alias of `AnuModule` (registry name remains `"Anu"`). Do not register both. | J69: 13 lines, 0.4 KB. No update(). | K69: MOD-049 | V69: 2 | W69: 2026-05-10 feat(v2): elevate Anu as sole coordinator; ease scene inventory cadence | Y69: 13
A70: MOD-066 | B70: js/v2/V2IconRenderer.js | C70: SUB-16 | D70: Legacy / unused code | E70: Legacy v2 build only (index.v2.html) | I70: Sacred Adventures v2 — Tier-B icon renderer. Why this file exists ──────────────────── The legacy `Component.ThreeIcons.js` ships a `ThreeIconManager` whose `initLoop()` clears a *full-viewport* WebGL canvas every animation frame and then renders each registered icon via a scissored pass. On a 1440p monitor that single overdraw pass dominated the v2 HUD frame cost, and the per-icon scissor stack added another ~5 render calls/frame stacked on top of the main scene **and** the PiP duplicate pass — three full WebGL pipelines per frame. That is why `index.v2.html` had `V2Panel` commented out with | J70: 303 lines, 11.3 KB. No update(). | L70: MOD-067 | N70: ThreeIconManager; addEventListener; devicePixelRatio; innerHeight; innerWidth; removeEventListener | U70: Yes | V70: 1 | W70: 2026-05-19 feat(full-session): fishing overhaul, FPS fix, dock elevation, clean world, sanctuary v2 | Y70: 303
A71: MOD-067 | B71: js/v2/V2Panel.js | C71: SUB-16 | D71: Legacy / unused code | E71: Legacy v2 build only (index.v2.html) | G71: V2Panel | I71: Sacred Adventures v2 — touch/control panels (legacy 1:1 styling + Three.js guide icons). Layout/CSS ported from `SacredOnes.1/public/SacredGame.Panel.html` + `Component.Panel.Sides.html`: - Left: neumorphic movement keypad + center jump - Center-bottom: guide cards (Quest / Gather / Fish / Observe / Journal) + `Component.ThreeIcons.js` - Right: avatar + radial actions + resource ring | J71: 1448 lines, 48.0 KB. update() at L681 (3 lines). Writes 3 globals. | K71: MOD-061, MOD-066, MOD-103, MOD-104 | M71: AXE_GLB_BASE64; THREE; icons | N71: ThreeIconManager; _v2FishingPoint; _v2ToggleJournal; addEventListener; anuOrchestrator; devicePixelRatio; dispatchEvent; getComputedStyle; removeEventListener | Q71: uses:WebFontsService; uses:WorldPlayer | R71: dom:v2-action; dom:v2-avatar; dom:v2-map-toggle; dom:v2-resource | U71: Yes | V71: 6 | W71: 2026-06-01 fix(mobile): stop iOS OOM crash ("Can't open this page") — cap texture memory | Y71: 1448
A72: MOD-068 | B72: js/v2/VillageBuilder.js | C72: SUB-16 | D72: Legacy / unused code | E72: Legacy v2 build only (index.v2.html) | G72: VillageBuilder | I72: Sacred Adventures v2 — Top-down Village Builder UI. Activates when the player toggles into top-down map view (`WorldPlayer.toggleMainCanvasMapView` / `TOGGLE_VIEW_MODE` postMessage). A merged panel + map-gen strip appear; in forward view these are hidden. • **Village map view (`body.v2-village-view`):** pinned to the same **top-right rail** as the FPS HUD (#v2-orchestrator-hud). PiP / moondial stay **top-left** (same as forward view); vertical stacking uses measured `:root` CSS vars updated by `OrchestratorHud.syncVillageViewRightStackCssVars()`. • **BUILDINGS** mode lists tipis in play and ex | J72: 973 lines, 34.2 KB. No update(). | K72: MOD-061, MOD-083, MOD-098, MOD-103, MOD-104 | N72: clearInterval; dispatchEvent; setInterval | Q72: uses:WorldPlayer | R72: dom:v2-village-apply; dom:v2-village-focus-building; dom:v2-village-mapgen-size | S72: Assets/Tipi.yellowbutterfly/tipi.yellowbutterfly.glb | U72: Yes | V72: 4 | W72: 2026-05-24 refactor(paths): migrate remaining WORDPRESS/ asset paths to canonical root Assets/ folder | Y72: 973
A73: MOD-069 | B73: js/v2/World.js | C73: SUB-16 | D73: Legacy / unused code | E73: Legacy v2 build only (index.v2.html) | G73: World | I73: Sacred Adventures v2 — World Module (Phase 1) Matches the exact AssetFactory terrain formula + neumorphic hex GLSL shader. Target: SOLID 60 FPS baseline. FPS fixes vs original World.js: - NO per-frame object allocation (no new THREE.Euler / new THREE.Vector3 in update) - computeVertexNormals() called ONCE at build time, never again - Movement uses pre-allocated _moveDir vector, mutated in place - camera.rotation.order set once in load(), not every frame | J73: 2237 lines, 87.0 KB. update() at L831 (809 lines, every 24f). Writes 4 globals. | K73: MOD-052, MOD-057, MOD-061, MOD-070, MOD-071, MOD-075, MOD-076, MOD-077, MOD-082, MOD-083, MOD-093, MOD-098, MOD-100, MOD-103 | M73: WorldPhysics; WorldPlayer; _terrainHeightCache; _v2StoneAxeInInventory | N73: _v2FishingActive; _v2FishingCameraOverride; _v2FishingEngaged; _v2InputSuppressed; _v2JournalInsertLogPageAfterTitle; _v2JournalOpen; _v2OpenJournalFromProximity; _v2SetCinematicUiHidden; _v2SyncVillageViewRightStack; _v2ToggleJournal; _v3DisableNatureSpirit; anuOrchestrator; localStorage | O73: PLAYER_JUMP; PLAYER_STATE_SAMPLE | Q73: WorldPhysics; WorldPlayer | S73: Assets/landscape-scenes/terrain/grass-seamless.png | U73: Yes | V73: 23 | W73: 2026-05-29 feat(sanctuary): permanent start pos, baby blue fishing circle, and photorealistic wide dark wood dock | X73: FND-27 | Y73: 2237
A74: MOD-070 | B74: js/v2/WorldAvatar.js | C74: SUB-16 | D74: Legacy / unused code | E74: Legacy v2 build only (index.v2.html) | J74: 749 lines, 32.5 KB. update() at L717 (6 lines). | K74: MOD-093, MOD-098, MOD-099, MOD-100, MOD-103, MOD-104 | L74: MOD-069 | N74: location | O74: PLAYER_AVATAR_ANIMATION | S74: Assets/Avatar3.glb; Assets/npc/Avatar-New.glb | U74: Yes | V74: 11 | W74: 2026-05-28 fix(avatar,decals): player disc body renderOrder 8 -> 18 + depthTest:false so it paints over dock | Y74: 749
A75: MOD-071 | B75: js/v2/WorldCelestial.js | C75: SUB-16 | D75: Legacy / unused code | E75: Legacy v2 build only (index.v2.html) | I75: Main-view celestial: procedural sky shader that paints one of **five seasons** (`night | dawn | day | dusk | gray`) via `uZenithColor`, `uHorizonColor`, `uCloudColor`, `uCloudShadow`, and `uCloudIntensity` uniforms — same fbm cloud field everywhere, just re-coloured. The night season swaps in an additive starfield, a synodic moon disc (phase angle matches the PiP dial), and a moonbeam group that glows around the disc and gently rotates. Root follows camera, materials fog:false so world fog stays on terrain only. May-12 2026: wired to `ANU_EVENTS.SEASON_CHANGE` (UIModule's 5 `data-season` PiP b | J75: 501 lines, 15.7 KB. update() at L454 (15 lines). | K75: MOD-093, MOD-100, MOD-105 | L75: MOD-069 | P75: LUNAR_PHASE; SEASON_CHANGE | U75: Yes | V75: 3 | W75: 2026-05-19 feat(full-session): fishing overhaul, FPS fix, dock elevation, clean world, sanctuary v2 | Y75: 501
A76: MOD-072 | B76: js/v2/WorldDistantPeaks.js | C76: SUB-16 | D76: Legacy / unused code | E76: Legacy v2 build only (index.v2.html) | G76: DistantPeaks | I76: Sacred Adventures v2 — Distant snowcapped peaks backdrop. Procedural low-poly mountain ridge planted far to the NORTH of the playable world (z ≈ +220..+360 m, well beyond `MOUNTAIN_OUTER` at 118 m and the `WORLD_EDGE` cliff drop at the same radius). Reads as "snowy peaks on the horizon past the unclimbable hills" without adding any GLB fetches, textures, or skybox layers. Build approach: • Two parallel ridges (near + far) of ~14 cone-shaped peaks each, spread across a 600-m east-west arc north of the village. Two layers give parallax separation when the player looks around. • Each peak is a si | J76: 224 lines, 6.9 KB. update() at L204 (2 lines). | K76: MOD-098 | U76: Yes | V76: 1 | W76: 2026-05-19 feat(full-session): fishing overhaul, FPS fix, dock elevation, clean world, sanctuary v2 | Y76: 224
A77: MOD-073 | B77: js/v2/WorldFishing.js | C77: SUB-16 | D77: Legacy / unused code | E77: Legacy v2 build only (index.v2.html) | G77: Nightcrawler | I77: Sacred Adventures v2 — fishing module (the first "fun spot"). Player spec May-16 2026: "create our first fun spot — the fishing dock circle, when player gets there, put a simple fishing pool — wood pole with a simple line and a walnut bob and a rock for a sinker and a metal hook, the fish in the pond will come to investigate. 50 % chance per 10 seconds it will bite the hook and player now will have a tension meter graph show up in a semi radial, with red at the very right if the fish model is pulling too far, the fish always pull towards the tipi 1 side, so players can see the fish wriggling. | J77: 2103 lines, 87.4 KB. update() at L1017 (155 lines). Writes 6 globals. | K77: MOD-061, MOD-083, MOD-098, MOD-103 | M77: _v2FishingActive; _v2FishingCameraOverride; _v2FishingCameraReleased; _v2FishingEngaged; _v2FishingPoint; _v2PoolFishTemplate | N77: _v2PoolFish; anuOrchestrator; localStorage | Q77: uses:WorldPlayer | U77: Yes | V77: 1 | W77: 2026-05-19 feat(full-session): fishing overhaul, FPS fix, dock elevation, clean world, sanctuary v2 | Y77: 2103
A78: MOD-074 | B78: js/v2/WorldMossyRock.js | C78: SUB-15 | D78: Shared config & helpers | E78: Imported library (no module lifecycle) | I78: Shared mossy landscape rock — `rock.mossy.glb` cloned to multiple sites. One cached `loadAsync` promise so Pool2 + tipi boots do not double-fetch. | J78: 82 lines, 2.7 KB. No update(). | K78: MOD-083, MOD-098, MOD-104 | L78: MOD-050, MOD-078, MOD-082 | S78: Assets/landscape-scenes/terrain/rock.mossy.glb | U78: Yes | V78: 1 | W78: 2026-05-19 feat(full-session): fishing overhaul, FPS fix, dock elevation, clean world, sanctuary v2 | Y78: 82
A79: MOD-075 | B79: js/v2/WorldNatureSpirit.js | C79: SUB-16 | D79: Legacy / unused code | E79: Legacy v2 build only (index.v2.html) | I79: Sacred Adventures v2 — Nature-Spirit Stag controller. `Assets/animated.stag.glb` rendered as a 10-foot-tall ethereal hologram (cyan-mint emissive glow, layered additive bloom pulse + **3D burst column**, foot hologram circle) that visits NPC YB on a 5-minute cycle without entering tipi 1. Visit pattern (May-11 2026 late correction): WAIT_TO_APPEAR │ 30 s after boot ▼ WALK_TO_STANDOFF (spawn at forest NW → stop 0.5 tile south of YB, │ outside the tipi platform) │ arrive (<= ARRIVE_EPS_M) ▼ FACE_YB (stand still; whole body slowly turns to face YB — │ no head-bone mutation; **idle clip paused** a | J79: 866 lines, 33.4 KB. update() at L658 (129 lines). Writes 1 globals. | K79: MOD-093, MOD-098, MOD-100, MOD-103, MOD-104 | L79: MOD-069 | M79: natureSpiritSystem | O79: NPC_ENTITY | S79: Assets/animated.stag.glb | U79: Yes | V79: 2 | W79: 2026-05-19 feat(full-session): fishing overhaul, FPS fix, dock elevation, clean world, sanctuary v2 | Y79: 866
A80: MOD-076 | B80: js/v2/WorldPhysics.js | C80: SUB-16 | D80: Legacy / unused code | E80: Legacy v2 build only (index.v2.html) | J80: 260 lines, 7.9 KB. No update(). | K80: MOD-103 | L80: MOD-069, MOD-078 | U80: Yes | V80: 2 | W80: 2026-05-19 feat(full-session): fishing overhaul, FPS fix, dock elevation, clean world, sanctuary v2 | Y80: 260
A81: MOD-077 | B81: js/v2/WorldPlayerController.js | C81: SUB-16 | D81: Legacy / unused code | E81: Legacy v2 build only (index.v2.html) | J81: 122 lines, 4.2 KB. No update(). Writes 1 globals. | L81: MOD-069 | M81: _v2InputSuppressed | N81: addEventListener; removeEventListener | O81: PLAYER_KEY_EDGE | U81: Yes | V81: 2 | W81: 2026-05-19 feat(full-session): fishing overhaul, FPS fix, dock elevation, clean world, sanctuary v2 | Y81: 122
A82: MOD-078 | B82: js/v2/WorldPool2.js | C82: SUB-16 | D82: Legacy / unused code | E82: Legacy v2 build only (index.v2.html) | G82: Pool2 | I82: Sacred Adventures v2 — Northern Forest Deep Pool ("POOL2"). May-14 2026 rebuild. The user removed the original `pond1.glb` PondEnclave ("its ugly") and asked for a real 3D pool at the same anchor, ported from their "Forest Deep Pool" Three.js reference: • Organic-edged stone basin with tiered shelves (~5 m deep). • Deep forest-green water surface with a shader-animated ripple pass (reused from the prior `createAnimatedWaterMaterial` shape, re-tuned to forest greens). • South-shore fishing pier with **terrain-height deck patch** so the avatar walks at deck level (WorldPhysics.registerDeckSurfac | J82: 2769 lines, 108.0 KB. update() at L2004 (626 lines). Writes 3 globals. | K82: MOD-061, MOD-074, MOD-076, MOD-082, MOD-083, MOD-098, MOD-103, MOD-104 | M82: _v2FishingPoint; _v2PoolFish; _v2PoolFishTemplate | N82: WorldPhysics | Q82: uses:AnuNatureAwareness; uses:WorldPhysics | S82: Assets/fauna/animal-pack/deer.glb | U82: Yes | V82: 1 | W82: 2026-05-19 feat(full-session): fishing overhaul, FPS fix, dock elevation, clean world, sanctuary v2 | Y82: 2769
A83: MOD-079 | B83: js/v2/WorldQuietGlade.js | C83: SUB-16 | D83: Legacy / unused code | E83: Legacy v2 build only (index.v2.html) | G83: QuietGlade | I83: Sacred Adventures v2 — Quiet Glade scene module. A small contemplative clearing southwest of the village. Built entirely from procedural primitives (no GLB fetch, no Tripo meshes) so the whole scene weighs ~3k triangles — a deliberate counterweight to the million-tri tipi GLBs that dominate the village budget. Contents: • Eight standing-stone monoliths arranged on an octagon ring, each octagonal-prism geometry (16 tris × 8 = 128 tris). • A flat moss disc deck inside the ring (32-segment cylinder ≈ 64 tris). • A central low-poly cairn — five stacked stones, each an icosahedron at detail 0 (20 t | J83: 321 lines, 10.1 KB. update() at L266 (23 lines). | K83: MOD-083, MOD-098, MOD-103 | U83: Yes | V83: 1 | W83: 2026-05-19 feat(full-session): fishing overhaul, FPS fix, dock elevation, clean world, sanctuary v2 | Y83: 321
A84: MOD-080 | B84: js/v2/WorldSacredPlatform.js | C84: SUB-15 | D84: Shared config & helpers | E84: Imported library (no module lifecycle) | I84: Sacred Adventures v2 — procedural wooden platform. Single factory `createSacredCirclePlatform({...})` that builds the stylized-realism wooden circle every sacred building now sits on: • Deck (radial hand-hewn planks with grain + knots). • Vertical log posts spaced evenly around the rim. • Stacked horizontal log rails between each pair of posts (two courses high) — the "interlocked outer ring". • Rope lashings wrapping every post at each course joint. • A 2-step set of timber treads centered on `stepFacingRad` so the player approaches and steps UP onto the deck rather than clipping through the | J84: 584 lines, 20.9 KB. No update(). | K84: MOD-098, MOD-103 | L84: MOD-039, MOD-082 | U84: Yes | V84: 1 | W84: 2026-05-19 feat(full-session): fishing overhaul, FPS fix, dock elevation, clean world, sanctuary v2 | Y84: 584
A85: MOD-081 | B85: js/v2/WorldSkyFlock.js | C85: SUB-16 | D85: Legacy / unused code | E85: Unreferenced by any entry page | G85: WorldSkyFlock | I85: Sacred Adventures v2 — high-altitude sky flock (Reynolds-style boids, instanced mesh). One draw call: procedural low-poly goose silhouettes → `InstancedMesh`. Starts in a readable V-formation in front of the launch camera, then blends into separation / alignment / cohesion + soft follow of a player-tracked anchor. The aim is a beautiful “geese crossing the sky” read on game load, not strict biological simulation. Anchor + instanced mesh use `decor_sky_flock_*` kinds so they are not misread as ground-level `fauna_bird` threats (Fauna mover scan matches prefix `fauna_bird`). | J85: 478 lines, 15.3 KB. update() at L265 (210 lines). Per-frame hazards: matrix_update×1. | K85: MOD-061, MOD-083, MOD-098 | Q85: uses:WorldPlayer | V85: 1 | W85: 2026-05-19 feat(full-session): fishing overhaul, FPS fix, dock elevation, clean world, sanctuary v2 | Y85: 478
A86: MOD-082 | B86: js/v2/WorldStructures.js | C86: SUB-15 | D86: Shared config & helpers | E86: Imported library (no module lifecycle) | J86: 1744 lines, 66.8 KB. No update(). Writes 1 globals. | K86: MOD-058, MOD-061, MOD-062, MOD-074, MOD-080, MOD-083, MOD-084, MOD-094, MOD-098, MOD-099, MOD-103, MOD-104 | L86: MOD-038, MOD-039, MOD-069, MOD-078 | M86: _tipiPlatformY | N86: _v3DisableSeatedNpcs | Q86: uses:WorldPhysics | S86: Assets/NPC.BHG.glb; Assets/NPC.YB.glb; Assets/Tipi.yellowbutterfly/tipi.yellowbutterfly.glb; Assets/axe.glb | U86: Yes | V86: 15 | W86: 2026-05-24 refactor(paths): migrate remaining WORDPRESS/ asset paths to canonical root Assets/ folder | X86: FND-27 | Y86: 1744
A87: MOD-083 | B87: js/v2/WorldTerrain.js | C87: SUB-15 | D87: Shared config & helpers | E87: Imported library (no module lifecycle) | I87: Sacred Adventures v2 — terrain height and material helpers. Kept separate from WorldModule so terrain math can be reused by physics, tools, and future world chunk/LOD modules without pulling in player state. | J87: 352 lines, 14.1 KB. No update(). | K87: MOD-057, MOD-103 | L87: MOD-054, MOD-068, MOD-069, MOD-073, MOD-074, MOD-078, MOD-079, MOD-081, MOD-082, MOD-085 | U87: Yes | V87: 2 | W87: 2026-05-19 feat(full-session): fishing overhaul, FPS fix, dock elevation, clean world, sanctuary v2 | Y87: 352
A88: MOD-084 | B88: js/v2/WorldTipiJournalBalloon.js | C88: SUB-10 | D88: Structures & village building | E88: Imported library (no module lifecycle) | I88: Tipi 1 journal guide — 3D golden balloon matching `Component.ThreeIcons.js` `buildQuest` (lathe body + knot + “!” sprite + additive bloom + sparkles). World-scaled with a gentle wind sway for the main scene (not the HUD icon pass). | J88: 297 lines, 8.7 KB. update() at L275 (19 lines). | K88: MOD-098 | L88: MOD-082 | U88: Yes | V88: 1 | W88: 2026-05-19 feat(full-session): fishing overhaul, FPS fix, dock elevation, clean world, sanctuary v2 | Y88: 297
A89: MOD-085 | B89: js/v2/WorldTraderJosh.js | C89: SUB-16 | D89: Legacy / unused code | E89: Unreferenced by any entry page | G89: TraderJosh | I89: Sacred Adventures v2 — TraderJosh3d NPC. Loads `Assets/TraderJosh3d.glb` and plants him standing in front of Tipi 1, facing the lodge. Position is offset slightly east of the sacred-deck centre so he doesn't block the doorway approach a player walks up to from the southern spawn corridor. Tipi 1 anchor is world origin (0, 0); the deck radius is ~4.7 m, so Josh stands at ~6 m south of origin, just past the deck rim. He's a non-interactable static greeter for now (no animation mixer, no walk controller) — the broader "walk to YB + wave at player" choreography can hang off this module's `_root` l | J89: 268 lines, 10.8 KB. update() at L173 (77 lines). | K89: MOD-083, MOD-098, MOD-104 | S89: Assets/TraderJosh3d.glb | V89: 1 | W89: 2026-05-19 feat(full-session): fishing overhaul, FPS fix, dock elevation, clean world, sanctuary v2 | Y89: 268
A90: MOD-086 | B90: js/v2/anu/AdaptiveRenderPolicy.js | C90: SUB-04 | D90: Render governance | E90: Imported library (no module lifecycle) | I90: Stress / relax hysteresis over PiP cadence — Phase 1 sentient-runtime loop. Raises stride (fewer PiP 3D draws per second) when frames run hot; eases back toward constants.js baseline when stable. | J90: 87 lines, 2.6 KB. No update(). | K90: MOD-096, MOD-103 | L90: MOD-059, MOD-101 | N90: AnuUniverse | U90: Yes | V90: 2 | W90: 2026-06-01 fix(render): refresh-aware adaptive thresholds — stop perpetual shedding at 57-60fps on 60Hz | X90: FND-08 | Y90: 87
A91: MOD-087 | B91: js/v2/anu/AnuErrorAndStressLedger.js | C91: SUB-03 | D91: ANU governance & telemetry | E91: Imported library (no module lifecycle) | I91: Central error capture + pipeline stress samples for Anu. Exports JSON-friendly payloads so humans / AI coders can tune constants when stress persists. | J91: 222 lines, 6.9 KB. No update(). | K91: MOD-092, MOD-093, MOD-096, MOD-100, MOD-103 | L91: MOD-059, MOD-088, MOD-101 | O91: MODULE_LOAD_ERROR; ORCHESTRATOR_LOOP_ERROR; PIPELINE_STRESS_LEVEL | U91: Yes | V91: 2 | W91: 2026-05-10 feat(v2): legacy-quality forest pipeline as Trees · 2× slots · ANU | Y91: 222
A92: MOD-088 | B92: js/v2/anu/AnuFuzzyPipelineSensor.js | C92: SUB-03 | D92: ANU governance & telemetry | E92: Imported library (no module lifecycle) | I92: Fuzzy bottleneck sensor for Anu. Converts raw frame/render/scene/error telemetry into an AI-readable diagnosis. This is intentionally heuristic: it should point attention to the likely pressure point without pretending one metric is the whole truth. | J92: 219 lines, 6.3 KB. No update(). | K92: MOD-087, MOD-092, MOD-096, MOD-097, MOD-103 | L92: MOD-091, MOD-101 | N92: anuOrchestrator | U92: Yes | V92: 2 | W92: 2026-05-27 fix(hud,anu): remove trees-banner CTA and fix pip-pass false-bottleneck label | Y92: 219
A93: MOD-089 | B93: js/v2/anu/AnuGovernanceRules.js | C93: SUB-03 | D93: ANU governance & telemetry | E93: Imported library (no module lifecycle) | I93: Anu governance rules. These are runtime contracts, not lore: every V2 model and interaction path should be added through these rules so ANU can verify what governs it. | J93: 162 lines, 5.1 KB. No update(). | K93: MOD-098 | L93: MOD-060, MOD-091, MOD-101 | N93: WorldPhysics; anuOrchestrator | U93: Yes | V93: 2 | W93: 2026-05-24 Fix compass PIP letters rightside up and register Antigravity in Anu governance | Y93: 162
A94: MOD-090 | B94: js/v2/anu/AnuNatureAwareness.js | C94: SUB-07 | D94: Fauna | E94: Imported library (no module lifecycle) | I94: Sacred Adventures v2 — Anu Nature Awareness service. Goal (May-16 2026 user spec: "communicate with ANU how it will control the AI of each animal as if it were aware of each other and the player"). A small registry that lets every animal in the world know: 1. WHERE the player is right now (cached from `WorldPhysics._bodies[0]` on every `tick()`). 2. WHERE the other animals are, by kind (deer, rabbit, fish, ...). 3. Whether a panic ALARM has recently been raised, and at what XZ. Behaviour modules call: • `register({ id, kind, x, z, panicRadius, alertRadius })` once. • `update(id, x, z)` per fra | J94: 280 lines, 8.9 KB. update() at L114 (6 lines). | K94: MOD-061, MOD-093, MOD-100 | L94: MOD-059 | N94: WorldPhysics | O94: FAUNA_TICK | Q94: AnuNatureAwareness; uses:AnuNatureAwareness; uses:WorldPhysics | U94: Yes | V94: 1 | W94: 2026-05-19 feat(full-session): fishing overhaul, FPS fix, dock elevation, clean world, sanctuary v2 | Y94: 280
A95: MOD-091 | B95: js/v2/anu/AnuWorldSensorium.js | C95: SUB-03 | D95: ANU governance & telemetry | E95: Imported library (no module lifecycle) | I95: Anu World Sensorium. A single awareness snapshot for AI/tools: what is alive in the V2 world, what domain it belongs to, whether it is interactable, and what ANU should watch before more flora/fauna/NPC/building/item systems are added. | J95: 162 lines, 6.3 KB. No update(). | K95: MOD-088, MOD-089, MOD-097, MOD-098 | L95: MOD-101 | U95: Yes | V95: 1 | W95: 2026-05-10 feat(v2): add ANU world governance sensorium | Y95: 162
A96: MOD-092 | B96: js/v2/anu/FrameBudget.js | C96: SUB-04 | D96: Render governance | E96: Imported library (no module lifecycle) | I96: Wall-clock frame duration sampling for Anu / adaptive policy (main thread). | J96: 118 lines, 3.4 KB. No update(). Writes 1 globals. | K96: MOD-103 | L96: MOD-002, MOD-013, MOD-020, MOD-021, MOD-026, MOD-035, MOD-059, MOD-060, MOD-064, MOD-087, MOD-088, MOD-101 | M96: AnuUniverse | U96: Yes | V96: 7 | W96: 2026-06-01 fix(render): refresh-aware adaptive thresholds — stop perpetual shedding at 57-60fps on 60Hz | X96: FND-07 | Y96: 118
A97: MOD-093 | B97: js/v2/anu/InteractionBus.js | C97: SUB-03 | D97: ANU governance & telemetry | E97: Imported library (no module lifecycle) | I97: Anu — central interaction dispatch (UI, physics-adjacent events, orchestration). Event name constants: ./anuEvents.js (import ANU_EVENTS from there). | J97: 43 lines, 1.0 KB. No update(). | L97: MOD-002, MOD-016, MOD-018, MOD-029, MOD-030, MOD-033, MOD-047, MOD-055, MOD-058, MOD-059, MOD-069, MOD-070, MOD-071, MOD-075, MOD-087, MOD-090, MOD-097, MOD-101 | U97: Yes | V97: 1 | W97: 2026-05-09 feat(v2): sentient runtime plan + Phase 1 adaptive PiP & frame budget | X97: FND-10 | Y97: 43
A98: MOD-094 | B98: js/v2/anu/PipOrthoRingDiskClip.js | C98: SUB-05 | D98: PiP minimap & compass | E98: Imported library (no module lifecycle) | I98: PiP ortho minimap (#pipCanvas): simplified to a standard simple camera pass. Disables custom shader compiling/discard checks to restore solid rendering performance. | J98: 58 lines, 1.3 KB. No update(). | K98: MOD-061 | L98: MOD-055, MOD-059, MOD-082 | Q98: PipOrthoBranchClip | U98: Yes | V98: 3 | W98: 2026-05-28 perf(pip): disable ortho fragment discard clipping and super-cull all trees to maximize FPS | Y98: 58
A99: MOD-095 | B99: js/v2/anu/PipRenderStrategy.js | C99: SUB-04 | D99: Render governance | E99: Imported library (no module lifecycle) | J99: 130 lines, 3.6 KB. No update(). | K99: MOD-106 | L99: MOD-101 | N99: devicePixelRatio | U99: Yes | V99: 3 | W99: 2026-05-19 feat(full-session): fishing overhaul, FPS fix, dock elevation, clean world, sanctuary v2 | Y99: 130
A100: MOD-096 | B100: js/v2/anu/RenderingGovernor.js | C100: SUB-04 | D100: Render governance | E100: Imported library (no module lifecycle) | I100: Anu — rendering policy (single source of truth for multi-pass WebGL). Imported by Orchestrator before AnuModule loads so PiP decisions never drift. | J100: 86 lines, 2.7 KB. No update(). | K100: MOD-103 | L100: MOD-002, MOD-059, MOD-060, MOD-086, MOD-087, MOD-088, MOD-101 | U100: Yes | V100: 3 | W100: 2026-05-26 feat(fps): wire AnuAdaptiveDpr — Anu's FPS guardian now active | Y100: 86
A101: MOD-097 | B101: js/v2/anu/SceneModelInventory.js | C101: SUB-03 | D101: ANU governance & telemetry | E101: Imported library (no module lifecycle) | I101: Full scene-graph inventory for Anu — every drawable Three.js object under the engine scene. Sampled on an interval (not every frame) to avoid traversal cost on large forests. | J101: 386 lines, 11.4 KB. No update(). | K101: MOD-093, MOD-100 | L101: MOD-059, MOD-088, MOD-091, MOD-098, MOD-101 | O101: SCENE_INVENTORY_TICK | U101: Yes | V101: 4 | W101: 2026-05-19 feat(full-session): fishing overhaul, FPS fix, dock elevation, clean world, sanctuary v2 | X101: FND-09 | Y101: 386
...

Sheet 40_Connections
A1: Connections
A2: Edge list for graph tools: Kind · From · To
A4: Edge ID | B4: Kind | C4: From (MOD ID) | D4: From file | E4: To | F4: Detail | G4: Scope
A5: EDG-0001 | B5: import | C5: MOD-002 | D5: js/sanctuary/AnuAdaptiveDpr.js | E5: MOD-092 | F5: FrameBudget.js | G5: Live
A6: EDG-0002 | B6: import | C6: MOD-002 | D6: js/sanctuary/AnuAdaptiveDpr.js | E6: MOD-093 | F6: InteractionBus.js | G6: Live
A7: EDG-0003 | B7: import | C7: MOD-002 | D7: js/sanctuary/AnuAdaptiveDpr.js | E7: MOD-096 | F7: RenderingGovernor.js | G7: Live
A8: EDG-0004 | B8: import | C8: MOD-002 | D8: js/sanctuary/AnuAdaptiveDpr.js | E8: MOD-098 | F8: SimulationController.js | G8: Live
A9: EDG-0005 | B9: import | C9: MOD-002 | D9: js/sanctuary/AnuAdaptiveDpr.js | E9: MOD-100 | F9: anuEvents.js | G9: Live
A10: EDG-0006 | B10: anu-event-dispatch | C10: MOD-002 | D10: js/sanctuary/AnuAdaptiveDpr.js | E10: ANU_EVENTS.RENDERING_DPR_CHANGE | G10: Live
A11: EDG-0007 | B11: import | C11: MOD-003 | D11: js/sanctuary/MoldGrowHill.js | E11: MOD-027 | F11: SanctuaryGround.js | G11: Live
A12: EDG-0008 | B12: import | C12: MOD-003 | D12: js/sanctuary/MoldGrowHill.js | E12: MOD-098 | F12: SimulationController.js | G12: Live
A13: EDG-0009 | B13: import | C13: MOD-004 | D13: js/sanctuary/MoldPlaceTipi.js | E13: MOD-027 | F13: SanctuaryGround.js | G13: Live
A14: EDG-0010 | B14: import | C14: MOD-004 | D14: js/sanctuary/MoldPlaceTipi.js | E14: MOD-098 | F14: SimulationController.js | G14: Live
A15: EDG-0011 | B15: import | C15: MOD-005 | D15: js/sanctuary/MoldPlantBush.js | E15: MOD-027 | F15: SanctuaryGround.js | G15: Live
A16: EDG-0012 | B16: import | C16: MOD-005 | D16: js/sanctuary/MoldPlantBush.js | E16: MOD-098 | F16: SimulationController.js | G16: Live
A17: EDG-0013 | B17: import | C17: MOD-006 | D17: js/sanctuary/MoldPlantFlower.js | E17: MOD-027 | F17: SanctuaryGround.js | G17: Live
A18: EDG-0014 | B18: import | C18: MOD-006 | D18: js/sanctuary/MoldPlantFlower.js | E18: MOD-098 | F18: SimulationController.js | G18: Live
A19: EDG-0015 | B19: import | C19: MOD-007 | D19: js/sanctuary/MoldPlantLily.js | E19: MOD-027 | F19: SanctuaryGround.js | G19: Live
A20: EDG-0016 | B20: import | C20: MOD-007 | D20: js/sanctuary/MoldPlantLily.js | E20: MOD-098 | F20: SimulationController.js | G20: Live
A21: EDG-0017 | B21: import | C21: MOD-008 | D21: js/sanctuary/MoldPlantRock.js | E21: MOD-027 | F21: SanctuaryGround.js | G21: Live
A22: EDG-0018 | B22: import | C22: MOD-008 | D22: js/sanctuary/MoldPlantRock.js | E22: MOD-098 | F22: SimulationController.js | G22: Live
... A25: EDG-0021 | B25: import | C25: MOD-010 | D25: js/sanctuary/SanctuaryAmbient.js | E25: MOD-098 | F25: SimulationController.js | G25: Live
A26: EDG-0022 | B26: global-write | C26: MOD-010 | D26: js/sanctuary/SanctuaryAmbient.js | E26: window.__sanctuaryMuted | G26: Live
A27: EDG-0023 | B27: import | C27: MOD-011 | D27: js/sanctuary/SanctuaryAvatar.js | E27: MOD-027 | F27: SanctuaryGround.js | G27: Live
A28: EDG-0024 | B28: import | C28: MOD-011 | D28: js/sanctuary/SanctuaryAvatar.js | E28: MOD-041 | F28: SanctuaryTravelDisc.js | G28: Live
A29: EDG-0025 | B29: import | C29: MOD-011 | D29: js/sanctuary/SanctuaryAvatar.js | E29: MOD-098 | F29: SimulationController.js | G29: Live
A30: EDG-0026 | B30: import | C30: MOD-011 | D30: js/sanctuary/SanctuaryAvatar.js | E30: MOD-103 | F30: constants.js | G30: Live
A31: EDG-0027 | B31: import | C31: MOD-011 | D31: js/sanctuary/SanctuaryAvatar.js | E31: MOD-104 | F31: gltfLoaderSetup.js | G31: Live
A32: EDG-0028 | B32: global-write | C32: MOD-011 | D32: js/sanctuary/SanctuaryAvatar.js | E32: window.__sanctuaryAvatar | G32: Live
A33: EDG-0029 | B33: global-write | C33: MOD-011 | D33: js/sanctuary/SanctuaryAvatar.js | E33: window.__sanctuaryPlayerYaw | G33: Live
A34: EDG-0030 | B34: asset | C34: MOD-011 | D34: js/sanctuary/SanctuaryAvatar.js | E34: Assets/Avatar3.glb | G34: Live
A35: EDG-0031 | B35: asset | C35: MOD-011 | D35: js/sanctuary/SanctuaryAvatar.js | E35: Assets/npc/Avatar-New.glb | G35: Live
A36: EDG-0032 | B36: import | C36: MOD-012 | D36: js/sanctuary/SanctuaryBraziers.js | E36: MOD-027 | F36: SanctuaryGround.js | G36: Live
A37: EDG-0033 | B37: import | C37: MOD-012 | D37: js/sanctuary/SanctuaryBraziers.js | E37: MOD-098 | F37: SimulationController.js | G37: Live
A38: EDG-0034 | B38: global-write | C38: MOD-012 | D38: js/sanctuary/SanctuaryBraziers.js | E38: window.__regenerateBraziers | G38: Live
A39: EDG-0035 | B39: import | C39: MOD-013 | D39: js/sanctuary/SanctuaryButterflies.js | E39: MOD-027 | F39: SanctuaryGround.js | G39: Live
A40: EDG-0036 | B40: import | C40: MOD-013 | D40: js/sanctuary/SanctuaryButterflies.js | E40: MOD-092 | F40: FrameBudget.js | G40: Live
A41: EDG-0037 | B41: import | C41: MOD-013 | D41: js/sanctuary/SanctuaryButterflies.js | E41: MOD-098 | F41: SimulationController.js | G41: Live
A42: EDG-0038 | B42: import | C42: MOD-014 | D42: js/sanctuary/SanctuaryCircles.js | E42: MOD-027 | F42: SanctuaryGround.js | G42: Live
A43: EDG-0039 | B43: import | C43: MOD-014 | D43: js/sanctuary/SanctuaryCircles.js | E43: MOD-098 | F43: SimulationController.js | G43: Live
A44: EDG-0040 | B44: global-write | C44: MOD-014 | D44: js/sanctuary/SanctuaryCircles.js | E44: window.sanctuaryPulse | G44: Live
A45: EDG-0041 | B45: import | C45: MOD-015 | D45: js/sanctuary/SanctuaryClickToMove.js | E45: MOD-027 | F45: SanctuaryGround.js | G45: Live
A46: EDG-0042 | B46: import | C46: MOD-015 | D46: js/sanctuary/SanctuaryClickToMove.js | E46: MOD-098 | F46: SimulationController.js | G46: Live
A47: EDG-0043 | B47: global-write | C47: MOD-015 | D47: js/sanctuary/SanctuaryClickToMove.js | E47: window.__sanctuaryPlayerYaw | G47: Live
A48: EDG-0044 | B48: global-write | C48: MOD-015 | D48: js/sanctuary/SanctuaryClickToMove.js | E48: window._v4CancelClickToMove | G48: Live
A49: EDG-0045 | B49: global-write | C49: MOD-015 | D49: js/sanctuary/SanctuaryClickToMove.js | E49: window._v4SmartWalkTo | G49: Live
A50: EDG-0046 | B50: global-write | C50: MOD-015 | D50: js/sanctuary/SanctuaryClickToMove.js | E50: window._v4WalkTo | G50: Live
A51: EDG-0047 | B51: import | C51: MOD-016 | D51: js/sanctuary/SanctuaryControls.js | E51: MOD-093 | F51: InteractionBus.js | G51: Live
A52: EDG-0048 | B52: import | C52: MOD-016 | D52: js/sanctuary/SanctuaryControls.js | E52: MOD-098 | F52: SimulationController.js | G52: Live
A53: EDG-0049 | B53: import | C53: MOD-016 | D53: js/sanctuary/SanctuaryControls.js | E53: MOD-100 | F53: anuEvents.js | G53: Live
A54: EDG-0050 | B54: global-write | C54: MOD-016 | D54: js/sanctuary/SanctuaryControls.js | E54: window.__sanctuaryMoldTool | G54: Live
A55: EDG-0051 | B55: global-write | C55: MOD-016 | D55: js/sanctuary/SanctuaryControls.js | E55: window._v4ToggleTopDown | G55: Live
A56: EDG-0052 | B56: anu-event-dispatch | C56: MOD-016 | D56: js/sanctuary/SanctuaryControls.js | E56: ANU_EVENTS.SANCTUARY_WORLD_STATE | G56: Live
A57: EDG-0053 | B57: import | C57: MOD-018 | D57: js/sanctuary/SanctuaryDayNight.js | E57: MOD-093 | F57: InteractionBus.js | G57: Live
A58: EDG-0054 | B58: import | C58: MOD-018 | D58: js/sanctuary/SanctuaryDayNight.js | E58: MOD-098 | F58: SimulationController.js | G58: Live
A59: EDG-0055 | B59: import | C59: MOD-018 | D59: js/sanctuary/SanctuaryDayNight.js | E59: MOD-100 | F59: anuEvents.js | G59: Live
A60: EDG-0056 | B60: anu-event-dispatch | C60: MOD-018 | D60: js/sanctuary/SanctuaryDayNight.js | E60: ANU_EVENTS.SEASON_CHANGE | G60: Live
A61: EDG-0057 | B61: import | C61: MOD-019 | D61: js/sanctuary/SanctuaryDock.js | E61: MOD-027 | F61: SanctuaryGround.js | G61: Live
A62: EDG-0058 | B62: import | C62: MOD-019 | D62: js/sanctuary/SanctuaryDock.js | E62: MOD-098 | F62: SimulationController.js | G62: Live
A63: EDG-0059 | B63: global-write | C63: MOD-019 | D63: js/sanctuary/SanctuaryDock.js | E63: window.__regenerateDock | G63: Live
A64: EDG-0060 | B64: global-write | C64: MOD-019 | D64: js/sanctuary/SanctuaryDock.js | E64: window.__sanctuaryDockExtents | G64: Live
A65: EDG-0061 | B65: global-write | C65: MOD-019 | D65: js/sanctuary/SanctuaryDock.js | E65: window.__sanctuaryDockSurface | G65: Live
A66: EDG-0062 | B66: global-write | C66: MOD-019 | D66: js/sanctuary/SanctuaryDock.js | E66: window.__sanctuaryFishingSpot | G66: Live
A67: EDG-0063 | B67: import | C67: MOD-020 | D67: js/sanctuary/SanctuaryDragonfly.js | E67: MOD-027 | F67: SanctuaryGround.js | G67: Live
A68: EDG-0064 | B68: import | C68: MOD-020 | D68: js/sanctuary/SanctuaryDragonfly.js | E68: MOD-092 | F68: FrameBudget.js | G68: Live
A69: EDG-0065 | B69: import | C69: MOD-020 | D69: js/sanctuary/SanctuaryDragonfly.js | E69: MOD-098 | F69: SimulationController.js | G69: Live
A70: EDG-0066 | B70: global-write | C70: MOD-020 | D70: js/sanctuary/SanctuaryDragonfly.js | E70: window.__sanctuaryDragonflies | G70: Live
A71: EDG-0067 | B71: import | C71: MOD-021 | D71: js/sanctuary/SanctuaryFish.js | E71: MOD-027 | F71: SanctuaryGround.js | G71: Live
A72: EDG-0068 | B72: import | C72: MOD-021 | D72: js/sanctuary/SanctuaryFish.js | E72: MOD-092 | F72: FrameBudget.js | G72: Live
A73: EDG-0069 | B73: import | C73: MOD-021 | D73: js/sanctuary/SanctuaryFish.js | E73: MOD-098 | F73: SimulationController.js | G73: Live
A74: EDG-0070 | B74: global-write | C74: MOD-021 | D74: js/sanctuary/SanctuaryFish.js | E74: window.__sanctuaryFishCount | G74: Live
A75: EDG-0071 | B75: global-write | C75: MOD-021 | D75: js/sanctuary/SanctuaryFish.js | E75: window.__sanctuaryFishSchool | G75: Live
A76: EDG-0072 | B76: global-write | C76: MOD-021 | D76: js/sanctuary/SanctuaryFish.js | E76: window.__sanctuaryFishTemplate | G76: Live
A77: EDG-0073 | B77: global-write | C77: MOD-021 | D77: js/sanctuary/SanctuaryFish.js | E77: window.__sanctuaryFrogOnLily | G77: Live
A78: EDG-0074 | B78: global-write | C78: MOD-021 | D78: js/sanctuary/SanctuaryFish.js | E78: window.__sanctuarySpawnBabyFish | G78: Live
A79: EDG-0075 | B79: import | C79: MOD-022 | D79: js/sanctuary/SanctuaryFishJumps.js | E79: MOD-027 | F79: SanctuaryGround.js | G79: Live
A80: EDG-0076 | B80: import | C80: MOD-022 | D80: js/sanctuary/SanctuaryFishJumps.js | E80: MOD-098 | F80: SimulationController.js | G80: Live
A81: EDG-0077 | B81: import | C81: MOD-023 | D81: js/sanctuary/SanctuaryFishing.js | E81: MOD-027 | F81: SanctuaryGround.js | G81: Live
A82: EDG-0078 | B82: import | C82: MOD-023 | D82: js/sanctuary/SanctuaryFishing.js | E82: MOD-098 | F82: SimulationController.js | G82: Live
A83: EDG-0079 | B83: import | C83: MOD-023 | D83: js/sanctuary/SanctuaryFishing.js | E83: MOD-099 | F83: TravelFloorCircleMaterials.js | G83: Live
A84: EDG-0080 | B84: import | C84: MOD-023 | D84: js/sanctuary/SanctuaryFishing.js | E84: MOD-103 | F84: constants.js | G84: Live
A85: EDG-0081 | B85: global-write | C85: MOD-023 | D85: js/sanctuary/SanctuaryFishing.js | E85: window.__interestedFish | G85: Live
A86: EDG-0082 | B86: global-write | C86: MOD-023 | D86: js/sanctuary/SanctuaryFishing.js | E86: window.__sanctuaryBobberPos | G86: Live
A87: EDG-0083 | B87: global-write | C87: MOD-023 | D87: js/sanctuary/SanctuaryFishing.js | E87: window.__sanctuaryFishCount | G87: Live
A88: EDG-0084 | B88: global-write | C88: MOD-023 | D88: js/sanctuary/SanctuaryFishing.js | E88: window.__sanctuaryFishingActive | G88: Live
A89: EDG-0085 | B89: global-write | C89: MOD-023 | D89: js/sanctuary/SanctuaryFishing.js | E89: window.__sanctuaryFishingSpawnRipple | G89: Live
A90: EDG-0086 | B90: global-write | C90: MOD-023 | D90: js/sanctuary/SanctuaryFishing.js | E90: window.__sanctuaryHasFishCaught | G90: Live
A91: EDG-0087 | B91: global-write | C91: MOD-023 | D91: js/sanctuary/SanctuaryFishing.js | E91: window.__sanctuaryPlayerYaw | G91: Live
A92: EDG-0088 | B92: global-write | C92: MOD-023 | D92: js/sanctuary/SanctuaryFishing.js | E92: window._v2InputSuppressed | G92: Live
A93: EDG-0089 | B93: global-write | C93: MOD-023 | D93: js/sanctuary/SanctuaryFishing.js | E93: window._v4InputSuppressed | G93: Live
A94: EDG-0090 | B94: global-write | C94: MOD-023 | D94: js/sanctuary/SanctuaryFishing.js | E94: window._v4StartFishing | G94: Live
A95: EDG-0091 | B95: global-write | C95: MOD-023 | D95: js/sanctuary/SanctuaryFishing.js | E95: window.sanctuaryFishingFocus | G95: Live
A96: EDG-0092 | B96: import | C96: MOD-024 | D96: js/sanctuary/SanctuaryFlora.js | E96: MOD-027 | F96: SanctuaryGround.js | G96: Legacy/unused
A97: EDG-0093 | B97: import | C97: MOD-024 | D97: js/sanctuary/SanctuaryFlora.js | E97: MOD-098 | F97: SimulationController.js | G97: Legacy/unused
A98: EDG-0094 | B98: global-write | C98: MOD-024 | D98: js/sanctuary/SanctuaryFlora.js | E98: window.__sanctuaryFloraTimeUniform | G98: Legacy/unused
A99: EDG-0095 | B99: global-write | C99: MOD-025 | D99: js/sanctuary/SanctuaryFpsHud.js | E99: window.__sanctuaryTreesHidden | G99: Legacy/unused
A100: EDG-0096 | B100: import | C100: MOD-026 | D100: js/sanctuary/SanctuaryFrogs.js | E100: MOD-027 | F100: SanctuaryGround.js | G100: Live
A101: EDG-0097 | B101: import | C101: MOD-026 | D101: js/sanctuary/SanctuaryFrogs.js | E101: MOD-092 | F101: FrameBudget.js | G101: Live
A102: EDG-0098 | B102: global-write | C102: MOD-026 | D102: js/sanctuary/SanctuaryFrogs.js | E102: window.__sanctuaryFrogOnLily | G102: Live
A103: EDG-0099 | B103: global-write | C103: MOD-026 | D103: js/sanctuary/SanctuaryFrogs.js | E103: window.__sanctuaryFrogs | G103: Live
...

Sheet 41_Globals
A1: Globals registry
A2: Live files only · sorted by how many files touch the name
A4: Global ID | B4: Name | C4: Live writers | D4: Live readers | E4: Writer MOD IDs | F4: Reader MOD IDs | G4: Pattern
A5: GLB-001 | B5: window.SanctuaryMutations | C5: 1 | D5: 10 | E5: MOD-033 | F5: MOD-003, MOD-004, MOD-005, MOD-006, MOD-007, MOD-008, MOD-009, MOD-015, MOD-016, MOD-040 | G5: Cross-module (written by one, read by another)
A6: GLB-002 | B6: window.__sanctuaryAvatar | C6: 1 | D6: 10 | E6: MOD-011 | F6: MOD-010, MOD-015, MOD-021, MOD-023, MOD-031, MOD-037, MOD-038, MOD-043, MOD-044, MOD-046 | G6: Cross-module (written by one, read by another)
A7: GLB-003 | B7: window.addEventListener | C7: 0 | D7: 11 | F7: MOD-010, MOD-012, MOD-017, MOD-023, MOD-030, MOD-031, MOD-045, MOD-051, MOD-059, MOD-060, MOD-102 | G7: Read-only here (written elsewhere/HTML)
A8: GLB-004 | B8: window.AnuUniverse | C8: 2 | D8: 7 | E8: MOD-049, MOD-092 | F8: MOD-002, MOD-023, MOD-030, MOD-059, MOD-060, MOD-086, MOD-102 | G8: Cross-module (written by one, read by another)
A9: GLB-005 | B9: window.anuOrchestrator | C9: 1 | D9: 7 | E9: MOD-059 | F9: MOD-021, MOD-023, MOD-030, MOD-049, MOD-088, MOD-089, MOD-098 | G9: Cross-module (written by one, read by another)
A10: GLB-006 | B10: window.__sanctuaryWaterY | C10: 1 | D10: 6 | E10: MOD-035 | F10: MOD-007, MOD-011, MOD-014, MOD-021, MOD-022, MOD-027 | G10: Cross-module (written by one, read by another)
A11: GLB-007 | B11: window.removeEventListener | C11: 0 | D11: 7 | F11: MOD-010, MOD-012, MOD-017, MOD-023, MOD-030, MOD-031, MOD-059 | G11: Read-only here (written elsewhere/HTML)
A12: GLB-008 | B12: window.sanctuaryPulse | C12: 1 | D12: 5 | E12: MOD-014 | F12: MOD-007, MOD-021, MOD-022, MOD-023, MOD-026 | G12: Cross-module (written by one, read by another)
A13: GLB-009 | B13: window.__sanctuaryMapType | C13: 1 | D13: 4 | E13: MOD-040 | F13: MOD-012, MOD-019, MOD-038, MOD-039 | G13: Cross-module (written by one, read by another)
A14: GLB-010 | B14: window.__sanctuaryPlayerYaw | C14: 4 | D14: 1 | E14: MOD-011, MOD-015, MOD-023, MOD-031 | F14: MOD-046 | G14: Cross-module (written by one, read by another)
A15: GLB-011 | B15: window.localStorage | C15: 0 | D15: 5 | F15: MOD-011, MOD-016, MOD-033, MOD-057, MOD-059 | G15: Read-only here (written elsewhere/HTML)
A16: GLB-012 | B16: window.WorldPlayer | C16: 1 | D16: 3 | E16: MOD-046 | F16: MOD-026, MOD-059, MOD-064 | G16: Cross-module (written by one, read by another)
A17: GLB-013 | B17: window.__sanctuaryBobberPos | C17: 1 | D17: 3 | E17: MOD-023 | F17: MOD-021, MOD-026, MOD-059 | G17: Cross-module (written by one, read by another)
A18: GLB-014 | B18: window.__sanctuaryDockSurface | C18: 1 | D18: 3 | E18: MOD-019 | F18: MOD-011, MOD-015, MOD-027 | G18: Cross-module (written by one, read by another)
A19: GLB-015 | B19: window.__sanctuaryFishSchool | C19: 1 | D19: 3 | E19: MOD-021 | F19: MOD-022, MOD-023, MOD-026 | G19: Cross-module (written by one, read by another)
A20: GLB-016 | B20: window.__sanctuaryMoldTool | C20: 2 | D20: 2 | E20: MOD-016, MOD-040 | F20: MOD-015, MOD-017 | G20: Cross-module (written by one, read by another)
A21: GLB-017 | B21: window.__sanctuaryTipi1Anchor | C21: 1 | D21: 3 | E21: MOD-039 | F21: MOD-012, MOD-013, MOD-038 | G21: Cross-module (written by one, read by another)
A22: GLB-018 | B22: window.devicePixelRatio | C22: 0 | D22: 4 | F22: MOD-002, MOD-059, MOD-060, MOD-095 | G22: Read-only here (written elsewhere/HTML)
A23: GLB-019 | B23: window.AudioContext | C23: 0 | D23: 3 | F23: MOD-010, MOD-021, MOD-023 | G23: Read-only here (written elsewhere/HTML)
A24: GLB-020 | B24: window.WorldPhysics | C24: 1 | D24: 2 | E24: MOD-046 | F24: MOD-089, MOD-090 | G24: Cross-module (written by one, read by another)
A25: GLB-021 | B25: window.__sanctuaryDragonflies | C25: 1 | D25: 2 | E25: MOD-020 | F25: MOD-021, MOD-026 | G25: Cross-module (written by one, read by another)
A26: GLB-022 | B26: window.__sanctuaryFishTemplate | C26: 1 | D26: 2 | E26: MOD-021 | F26: MOD-022, MOD-023 | G26: Cross-module (written by one, read by another)
A27: GLB-023 | B27: window.__sanctuaryFishingActive | C27: 1 | D27: 2 | E27: MOD-023 | F27: MOD-011, MOD-059 | G27: Cross-module (written by one, read by another)
A28: GLB-024 | B28: window.__sanctuaryFishingSpot | C28: 1 | D28: 2 | E28: MOD-019 | F28: MOD-014, MOD-023 | G28: Cross-module (written by one, read by another)
A29: GLB-025 | B29: window.__sanctuaryTipi1Yaw | C29: 1 | D29: 2 | E29: MOD-039 | F29: MOD-012, MOD-038 | G29: Cross-module (written by one, read by another)
A30: GLB-026 | B30: window.__sanctuaryTipi2Anchor | C30: 1 | D30: 2 | E30: MOD-039 | F30: MOD-012, MOD-038 | G30: Cross-module (written by one, read by another)
A31: GLB-027 | B31: window.__sanctuaryTipi2Yaw | C31: 1 | D31: 2 | E31: MOD-039 | F31: MOD-012, MOD-038 | G31: Cross-module (written by one, read by another)
A32: GLB-028 | B32: window.__sanctuaryTipi4Anchor | C32: 1 | D32: 2 | E32: MOD-039 | F32: MOD-012, MOD-038 | G32: Cross-module (written by one, read by another)
A33: GLB-029 | B33: window.__sanctuaryTipi4Yaw | C33: 1 | D33: 2 | E33: MOD-039 | F33: MOD-012, MOD-038 | G33: Cross-module (written by one, read by another)
A34: GLB-030 | B34: window._v4CancelClickToMove | C34: 1 | D34: 2 | E34: MOD-015 | F34: MOD-023, MOD-031 | G34: Cross-module (written by one, read by another)
A35: GLB-031 | B35: window.webkitAudioContext | C35: 0 | D35: 3 | F35: MOD-010, MOD-021, MOD-023 | G35: Read-only here (written elsewhere/HTML)
A36: GLB-032 | B36: window.Orchestrator | C36: 1 | D36: 1 | E36: MOD-059 | F36: MOD-049 | G36: Cross-module (written by one, read by another)
A37: GLB-033 | B37: window.ThreeIconManager | C37: 0 | D37: 2 | F37: MOD-049, MOD-102 | G37: Read-only here (written elsewhere/HTML)
A38: GLB-034 | B38: window.__interestedFish | C38: 1 | D38: 1 | E38: MOD-023 | F38: MOD-021 | G38: Cross-module (written by one, read by another)
A39: GLB-035 | B39: window.__regenerateBraziers | C39: 1 | D39: 1 | E39: MOD-012 | F39: MOD-040 | G39: Cross-module (written by one, read by another)
A40: GLB-036 | B40: window.__regenerateDock | C40: 1 | D40: 1 | E40: MOD-019 | F40: MOD-040 | G40: Cross-module (written by one, read by another)
A41: GLB-037 | B41: window.__regenerateTipiNpcs | C41: 1 | D41: 1 | E41: MOD-038 | F41: MOD-040 | G41: Cross-module (written by one, read by another)
A42: GLB-038 | B42: window.__regenerateTipis | C42: 1 | D42: 1 | E42: MOD-039 | F42: MOD-040 | G42: Cross-module (written by one, read by another)
A43: GLB-039 | B43: window.__sanctuaryDockExtents | C43: 1 | D43: 1 | E43: MOD-019 | F43: MOD-015 | G43: Cross-module (written by one, read by another)
A44: GLB-040 | B44: window.__sanctuaryFishCount | C44: 2 | D44: 0 | E44: MOD-021, MOD-023 | G44: Write-only
A45: GLB-041 | B45: window.__sanctuaryFishingSpawnRipple | C45: 1 | D45: 1 | E45: MOD-023 | F45: MOD-021 | G45: Cross-module (written by one, read by another)
A46: GLB-042 | B46: window.__sanctuaryFrogOnLily | C46: 2 | D46: 0 | E46: MOD-021, MOD-026 | G46: Write-only
A47: GLB-043 | B47: window.__sanctuaryFrogs | C47: 1 | D47: 1 | E47: MOD-026 | F47: MOD-021 | G47: Cross-module (written by one, read by another)
A48: GLB-044 | B48: window.__sanctuaryLilyPads | C48: 1 | D48: 1 | E48: MOD-035 | F48: MOD-026 | G48: Cross-module (written by one, read by another)
A49: GLB-045 | B49: window.__sanctuaryMuted | C49: 1 | D49: 1 | E49: MOD-010 | F49: MOD-043 | G49: Cross-module (written by one, read by another)
A50: GLB-046 | B50: window.__sanctuarySpawnBabyFish | C50: 1 | D50: 1 | E50: MOD-021 | F50: MOD-023 | G50: Cross-module (written by one, read by another)
A51: GLB-047 | B51: window.__sanctuaryTipi1PlatMesh | C51: 1 | D51: 1 | E51: MOD-039 | F51: MOD-038 | G51: Cross-module (written by one, read by another)
A52: GLB-048 | B52: window.__sanctuaryTipi2PlatMesh | C52: 1 | D52: 1 | E52: MOD-039 | F52: MOD-038 | G52: Cross-module (written by one, read by another)
A53: GLB-049 | B53: window.__sanctuaryTipi3Anchor | C53: 1 | D53: 1 | E53: MOD-039 | F53: MOD-012 | G53: Cross-module (written by one, read by another)
A54: GLB-050 | B54: window.__sanctuaryTipi3Yaw | C54: 1 | D54: 1 | E54: MOD-039 | F54: MOD-012 | G54: Cross-module (written by one, read by another)
A55: GLB-051 | B55: window.__sanctuaryTipi4PlatMesh | C55: 1 | D55: 1 | E55: MOD-039 | F55: MOD-038 | G55: Cross-module (written by one, read by another)
A56: GLB-052 | B56: window.__sanctuaryTopDownHeight | C56: 1 | D56: 1 | E56: MOD-048 | F56: MOD-016 | G56: Cross-module (written by one, read by another)
A57: GLB-053 | B57: window.__sanctuaryZoomFactor | C57: 1 | D57: 1 | E57: MOD-048 | F57: MOD-031 | G57: Cross-module (written by one, read by another)
A58: GLB-054 | B58: window._v2InputSuppressed | C58: 1 | D58: 1 | E58: MOD-023 | F58: MOD-015 | G58: Cross-module (written by one, read by another)
A59: GLB-055 | B59: window._v4InputSuppressed | C59: 1 | D59: 1 | E59: MOD-023 | F59: MOD-031 | G59: Cross-module (written by one, read by another)
A60: GLB-056 | B60: window.clearInterval | C60: 0 | D60: 2 | F60: MOD-030, MOD-060 | G60: Read-only here (written elsewhere/HTML)
A61: GLB-057 | B61: window.innerHeight | C61: 0 | D61: 2 | F61: MOD-002, MOD-059 | G61: Read-only here (written elsewhere/HTML)
A62: GLB-058 | B62: window.innerWidth | C62: 0 | D62: 2 | F62: MOD-002, MOD-059 | G62: Read-only here (written elsewhere/HTML)
A63: GLB-059 | B63: window.location | C63: 0 | D63: 2 | F63: MOD-011, MOD-057 | G63: Read-only here (written elsewhere/HTML)
A64: GLB-060 | B64: window.postMessage | C64: 0 | D64: 2 | F64: MOD-064, MOD-102 | G64: Read-only here (written elsewhere/HTML)
A65: GLB-061 | B65: window.sanctuaryGrant | C65: 1 | D65: 1 | E65: MOD-029 | F65: MOD-023 | G65: Cross-module (written by one, read by another)
A66: GLB-062 | B66: window.setInterval | C66: 0 | D66: 2 | F66: MOD-030, MOD-060 | G66: Read-only here (written elsewhere/HTML)
A67: GLB-063 | B67: window.SanctuaryBuildings | C67: 0 | D67: 1 | F67: MOD-051 | G67: Read-only here (written elsewhere/HTML)
A68: GLB-064 | B68: window.SanctuaryGround | C68: 0 | D68: 1 | F68: MOD-040 | G68: Read-only here (written elsewhere/HTML)
A69: GLB-065 | B69: window.__isRenderingPip | C69: 1 | D69: 0 | E69: MOD-059 | G69: Write-only
A70: GLB-066 | B70: window.__mobileTexCap | C70: 1 | D70: 0 | E70: MOD-059 | G70: Write-only
A71: GLB-067 | B71: window.__regeneratePoolObjects | C71: 0 | D71: 1 | F71: MOD-040 | G71: Read-only here (written elsewhere/HTML)
A72: GLB-068 | B72: window.__regenerateTerrain | C72: 0 | D72: 1 | F72: MOD-040 | G72: Read-only here (written elsewhere/HTML)
A73: GLB-069 | B73: window.__sanctuaryDockRoot | C73: 0 | D73: 1 | F73: MOD-023 | G73: Read-only here (written elsewhere/HTML)
A74: GLB-070 | B74: window.__sanctuaryFloraTimeUniform | C74: 0 | D74: 1 | F74: MOD-059 | G74: Read-only here (written elsewhere/HTML)
A75: GLB-071 | B75: window.__sanctuaryFrogsRegenerate | C75: 1 | D75: 0 | E75: MOD-026 | G75: Write-only
A76: GLB-072 | B76: window.__sanctuaryHasFishCaught | C76: 1 | D76: 0 | E76: MOD-023 | G76: Write-only
A77: GLB-073 | B77: window.__sanctuaryJoystickInput | C77: 0 | D77: 1 | F77: MOD-031 | G77: Read-only here (written elsewhere/HTML)
A78: GLB-074 | B78: window.__sanctuaryKeyboardLook | C78: 0 | D78: 1 | F78: MOD-023 | G78: Read-only here (written elsewhere/HTML)
A79: GLB-075 | B79: window.__sanctuaryTipi1DeckTopY | C79: 1 | D79: 0 | E79: MOD-039 | G79: Write-only
A80: GLB-076 | B80: window.__sanctuaryTipi2DeckTopY | C80: 1 | D80: 0 | E80: MOD-039 | G80: Write-only
A81: GLB-077 | B81: window.__sanctuaryTipi3DeckTopY | C81: 1 | D81: 0 | E81: MOD-039 | G81: Write-only
A82: GLB-078 | B82: window.__sanctuaryTipi3PlatMesh | C82: 1 | D82: 0 | E82: MOD-039 | G82: Write-only
A83: GLB-079 | B83: window.__sanctuaryTipi4DeckTopY | C83: 1 | D83: 0 | E83: MOD-039 | G83: Write-only
A84: GLB-080 | B84: window.__sanctuaryVillagePad | C84: 1 | D84: 0 | E84: MOD-042 | G84: Write-only
A85: GLB-081 | B85: window._detectedHz | C85: 0 | D85: 1 | F85: MOD-060 | G85: Read-only here (written elsewhere/HTML)
A86: GLB-082 | B86: window._globalTime | C86: 0 | D86: 1 | F86: MOD-059 | G86: Read-only here (written elsewhere/HTML)
A87: GLB-083 | B87: window._gpuSlideStarted | C87: 0 | D87: 1 | F87: MOD-102 | G87: Read-only here (written elsewhere/HTML)
A88: GLB-084 | B88: window._tipiPlatformY | C88: 1 | D88: 0 | E88: MOD-082 | G88: Write-only
A89: GLB-085 | B89: window._v2ActiveMap | C89: 1 | D89: 0 | E89: MOD-057 | G89: Write-only
A90: GLB-086 | B90: window._v2HandleAnuInput | C90: 0 | D90: 1 | F90: MOD-102 | G90: Read-only here (written elsewhere/HTML)
A91: GLB-087 | B91: window._v2ListMaps | C91: 1 | D91: 0 | E91: MOD-057 | G91: Write-only
A92: GLB-088 | B92: window._v2SetCinematicUiHidden | C92: 0 | D92: 1 | F92: MOD-102 | G92: Read-only here (written elsewhere/HTML)
A93: GLB-089 | B93: window._v2SetMap | C93: 1 | D93: 0 | E93: MOD-057 | G93: Write-only
A94: GLB-090 | B94: window._v2SyncVillageViewRightStack | C94: 1 | D94: 0 | E94: MOD-060 | G94: Write-only
A95: GLB-091 | B95: window._v3DisableSeatedNpcs | C95: 0 | D95: 1 | F95: MOD-082 | G95: Read-only here (written elsewhere/HTML)
A96: GLB-092 | B96: window._v4GetPipelineTrace | C96: 1 | D96: 0 | E96: MOD-060 | G96: Write-only
A97: GLB-093 | B97: window._v4SmartWalkTo | C97: 1 | D97: 0 | E97: MOD-015 | G97: Write-only
A98: GLB-094 | B98: window._v4StartFishing | C98: 1 | D98: 0 | E98: MOD-023 | G98: Write-only
A99: GLB-095 | B99: window._v4ToggleJournal | C99: 0 | D99: 1 | F99: MOD-016 | G99: Read-only here (written elsewhere/HTML)
A100: GLB-096 | B100: window._v4TogglePanel | C100: 0 | D100: 1 | F100: MOD-016 | G100: Read-only here (written elsewhere/HTML)
A101: GLB-097 | B101: window._v4ToggleTopDown | C101: 1 | D101: 0 | E101: MOD-016 | G101: Write-only
...

Sheet 42_Events
A1: ANU events
A2: From js/v2/anu/anuEvents.js
A4: Event ID | B4: Event | C4: Live dispatchers | D4: Live subscribers | E4: Legacy subscribers | F4: Verdict
A5: EVT-01 | B5: ANU_EVENTS.SEASON_CHANGE | C5: MOD-018 | E5: MOD-055, MOD-071 | F5: Dispatched, nobody listens (live)
A6: EVT-02 | B6: ANU_EVENTS.PLAYER_JUMP | F6: Never dispatched (live)
A7: EVT-03 | B7: ANU_EVENTS.ORCHESTRATOR_BENCH_COMPLETE | C7: MOD-059 | F7: Dispatched, nobody listens (live)
A8: EVT-04 | B8: ANU_EVENTS.MODULE_ACTIVATED | C8: MOD-059 | F8: Dispatched, nobody listens (live)
A9: EVT-05 | B9: ANU_EVENTS.MODULE_DEACTIVATED | C9: MOD-059 | F9: Dispatched, nobody listens (live)
A10: EVT-06 | B10: ANU_EVENTS.ORCHESTRATOR_LOOP_ERROR | C10: MOD-087 | F10: Dispatched, nobody listens (live)
A11: EVT-07 | B11: ANU_EVENTS.MODULE_LOAD_ERROR | C11: MOD-087 | F11: Dispatched, nobody listens (live)
A12: EVT-08 | B12: ANU_EVENTS.PIPELINE_STRESS_LEVEL | C12: MOD-087 | F12: Dispatched, nobody listens (live)
A13: EVT-09 | B13: ANU_EVENTS.FUZZY_PIPELINE_SENSOR | C13: MOD-049 | F13: Dispatched, nobody listens (live)
A14: EVT-10 | B14: ANU_EVENTS.PLAYER_KEY_EDGE | F14: Never dispatched (live)
A15: EVT-11 | B15: ANU_EVENTS.PLAYER_AVATAR_ANIMATION | F15: Never dispatched (live)
A16: EVT-12 | B16: ANU_EVENTS.PLAYER_NPC_GREETING | C16: MOD-058 | F16: Dispatched, nobody listens (live)
A17: EVT-13 | B17: ANU_EVENTS.PLAYER_STATE_SAMPLE | F17: Never dispatched (live)
A18: EVT-14 | B18: ANU_EVENTS.SCENE_INVENTORY_TICK | C18: MOD-097 | F18: Dispatched, nobody listens (live)
A19: EVT-15 | B19: ANU_EVENTS.UI_PIP_VIEW_TOGGLE | F19: Never dispatched (live)
A20: EVT-16 | B20: ANU_EVENTS.MOON_DIAL_PHASE | F20: Never dispatched (live)
A21: EVT-17 | B21: ANU_EVENTS.FAUNA_TICK | C21: MOD-090 | F21: Dispatched, nobody listens (live)
A22: EVT-18 | B22: ANU_EVENTS.NPC_ENTITY | F22: Never dispatched (live)
A23: EVT-19 | B23: ANU_EVENTS.STRUCTURE_EVENT | F23: Never dispatched (live)
A24: EVT-20 | B24: ANU_EVENTS.ITEM_EVENT | C24: MOD-029 | F24: Dispatched, nobody listens (live)
A25: EVT-21 | B25: ANU_EVENTS.WORLD_SENSORIUM | C25: MOD-049 | F25: Dispatched, nobody listens (live)
A26: EVT-22 | B26: ANU_EVENTS.GOVERNANCE_SNAPSHOT | C26: MOD-049 | F26: Dispatched, nobody listens (live)
A27: EVT-23 | B27: ANU_EVENTS.RENDERING_DPR_CHANGE | C27: MOD-002 | F27: Dispatched, nobody listens (live)
A28: EVT-24 | B28: ANU_EVENTS.SANCTUARY_MOLD | C28: MOD-033 | F28: Dispatched, nobody listens (live)
A29: EVT-25 | B29: ANU_EVENTS.SANCTUARY_WORLD_STATE | C29: MOD-016 | F29: Dispatched, nobody listens (live)

Sheet 43_Services
A1: Runtime services
A2: registerRuntimeService / getRuntimeService call sites
A4: Service ID | B4: Service | C4: Registered by | D4: Used by | E4: Verdict
A5: SVC-01 | B5: AnuNatureAwareness | C5: MOD-090 | D5: MOD-090 | E5: Registered and used
A6: SVC-02 | B6: PipOrthoBranchClip | C6: MOD-094 | D6: MOD-059 | E6: Registered and used
A7: SVC-03 | B7: WebFontsService | C7: MOD-064 | D7: MOD-060 | E7: Registered and used
A8: SVC-04 | B8: WorldPhysics | D8: MOD-082, MOD-090 | E8: Registered and used
A9: SVC-05 | B9: WorldPlayer | C9: MOD-046 | D9: MOD-046, MOD-059, MOD-064 | E9: Registered and used

Sheet 44_Limbo_Calls
A1: Limbo calls
A2: limbo.py — LIMBO rows have no receiver anywhere in live code (all frames scanned, comments excluded)
A4: Call ID | B4: Kind | C4: Name | D4: Senders (file:line) | E4: Receivers (file:line) | F4: Verdict | G4: Note
A5: LMB-001 | B5: ANU bus event | C5: FAUNA_TICK | D5: js/v2/anu/AnuNatureAwareness.js:L217 | F5: LIMBO — no code subscriber (only the DevTools AnuUniverse.interactions.subscribe API)
A6: LMB-002 | B6: ANU bus event | C6: FUZZY_PIPELINE_SENSOR | D6: js/v2/AnuModule.js:L405; js/v2/AnuModule.js:L411 | F6: LIMBO — no code subscriber (only the DevTools AnuUniverse.interactions.subscribe API)
A7: LMB-003 | B7: ANU bus event | C7: GOVERNANCE_SNAPSHOT | D7: js/v2/AnuModule.js:L434; js/v2/AnuModule.js:L440 | F7: LIMBO — no code subscriber (only the DevTools AnuUniverse.interactions.subscribe API)
A8: LMB-004 | B8: ANU bus event | C8: ITEM_EVENT | D8: js/sanctuary/SanctuaryInventory.js:L209 | F8: LIMBO — no code subscriber (only the DevTools AnuUniverse.interactions.subscribe API)
A9: LMB-005 | B9: ANU bus event | C9: MODULE_ACTIVATED | D9: js/v2/Orchestrator.js:L447 | F9: LIMBO — no code subscriber (only the DevTools AnuUniverse.interactions.subscribe API)
A10: LMB-006 | B10: ANU bus event | C10: MODULE_DEACTIVATED | D10: js/v2/Orchestrator.js:L511 | F10: LIMBO — no code subscriber (only the DevTools AnuUniverse.interactions.subscribe API)
A11: LMB-007 | B11: ANU bus event | C11: MODULE_LOAD_ERROR | D11: js/v2/anu/AnuErrorAndStressLedger.js:L63 | F11: LIMBO — no code subscriber (only the DevTools AnuUniverse.interactions.subscribe API)
A12: LMB-008 | B12: ANU bus event | C12: ORCHESTRATOR_BENCH_COMPLETE | D12: js/v2/Orchestrator.js:L851 | F12: LIMBO — no code subscriber (only the DevTools AnuUniverse.interactions.subscribe API)
A13: LMB-009 | B13: ANU bus event | C13: ORCHESTRATOR_LOOP_ERROR | D13: js/v2/anu/AnuErrorAndStressLedger.js:L45 | F13: LIMBO — no code subscriber (only the DevTools AnuUniverse.interactions.subscribe API)
A14: LMB-010 | B14: ANU bus event | C14: PIPELINE_STRESS_LEVEL | D14: js/v2/anu/AnuErrorAndStressLedger.js:L102 | F14: LIMBO — no code subscriber (only the DevTools AnuUniverse.interactions.subscribe API)
A15: LMB-011 | B15: ANU bus event | C15: PLAYER_NPC_GREETING | D15: js/v2/NPCBehaviour.js:L275 | F15: LIMBO — no code subscriber (only the DevTools AnuUniverse.interactions.subscribe API)
A16: LMB-012 | B16: ANU bus event | C16: RENDERING_DPR_CHANGE | D16: js/sanctuary/AnuAdaptiveDpr.js:L136 | F16: LIMBO — no code subscriber (only the DevTools AnuUniverse.interactions.subscribe API)
... A30: LMB-026 | B30: Runtime service lookup | C30: WorldPhysics | D30: js/v2/WorldStructures.js:L822; js/v2/WorldStructures.js:L1281; js/v2/anu/AnuNatureAwareness.js:L235 | F30: LIMBO — no receiver in live code
A31: LMB-027 | B31: postMessage type | C31: CLOSE_QUEST | D31: SacredGame.Panel.html:L1888 | F31: LIMBO — no receiver in live code | G31: Receiver may sit in another frame; both frames scanned
A32: LMB-028 | B32: postMessage type | C32: FIND_HER_AUTOWALK | D32: SacredGame.Panel.html:L2480 | F32: LIMBO — no receiver in live code | G32: Receiver may sit in another frame; both frames scanned
A33: LMB-029 | B33: postMessage type | C33: GATHER_ACTION | D33: SacredGame.Panel.html:L2546 | F33: LIMBO — no receiver in live code | G33: Receiver may sit in another frame; both frames scanned
A34: LMB-030 | B34: postMessage type | C34: JOURNAL_GREET_BHG | D34: js/components/Component.NewJournal.html:L1036 | F34: LIMBO — no receiver in live code | G34: Receiver may sit in another frame; both frames scanned
A35: LMB-031 | B35: postMessage type | C35: JOURNAL_START_GAME_INTRO | D35: js/components/Component.NewJournal.html:L909 | F35: LIMBO — no receiver in live code | G35: Receiver may sit in another frame; both frames scanned
A36: LMB-032 | B36: postMessage type | C36: LOADING_MODAL_ERROR | D36: js/components/Component.LoadingModal.html:L486 | F36: LIMBO — no receiver in live code | G36: Receiver may sit in another frame; both frames scanned
A37: LMB-033 | B37: postMessage type | C37: OBSERVE_WILDLIFE_ACTION | D37: SacredGame.Panel.html:L2559 | F37: LIMBO — no receiver in live code | G37: Receiver may sit in another frame; both frames scanned
A38: LMB-034 | B38: postMessage type | C38: PROCESS_INPUT | D38: js/components/Component.NewJournal.html:L970 | F38: LIMBO — no receiver in live code | G38: Receiver may sit in another frame; both frames scanned
A39: LMB-035 | B39: postMessage type | C39: REQ_ALIGN_SELFIE | D39: js/components/Component.NewJournal.html:L1188 | F39: LIMBO — no receiver in live code | G39: Receiver may sit in another frame; both frames scanned
A40: LMB-036 | B40: postMessage type | C40: REQ_HIDE_SELFIE | D40: js/components/Component.NewJournal.html:L649; js/components/Component.NewJournal.html:L1172; js/components/Component.NewJournal.html:L1190 | F40: LIMBO — no receiver in live code | G40: Receiver may sit in another frame; both frames scanned
A41: LMB-037 | B41: postMessage type | C41: REQ_WORLD_RECONFIG | D41: SacredGame.Panel.html:L1614 | F41: LIMBO — no receiver in live code | G41: Receiver may sit in another frame; both frames scanned
A42: LMB-038 | B42: postMessage type | C42: RESTORE_STATE | D42: js/components/Component.NewJournal.html:L696 | F42: LIMBO — no receiver in live code | G42: Receiver may sit in another frame; both frames scanned
A43: LMB-039 | B43: postMessage type | C43: SEEK_ENTITY | D43: SacredGame.Panel.html:L2859 | F43: LIMBO — no receiver in live code | G43: Receiver may sit in another frame; both frames scanned
A44: LMB-040 | B44: window.* function call | C44: ThreeIconManager | D44: SacredGame.Panel.html:L1900 | F44: LIMBO — never assigned in live code
A45: LMB-041 | B45: window.* function call | C45: __regeneratePoolObjects | D45: js/sanctuary/SanctuaryToolPalette.js:L443 | F45: LIMBO — never assigned in live code
A46: LMB-042 | B46: window.* function call | C46: __regenerateTerrain | D46: js/sanctuary/SanctuaryToolPalette.js:L423 | F46: LIMBO — never assigned in live code
A47: LMB-043 | B47: window.* function call | C47: _v4TogglePip | D47: index.html:L801 | F47: LIMBO — never assigned in live code
A48: LMB-044 | B48: DOM id lookup | C48: __boot_err | D48: index.html:L36 | E48: index.html:L38; index.html:L38 | F48: Has receiver
A49: LMB-045 | B49: DOM id lookup | C49: __boot_err_text | D49: index.html:L62 | E49: index.html:L55; index.html:L55 | F49: Has receiver
A50: LMB-046 | B50: DOM id lookup | C50: action-log | D50: SacredGame.Panel.html:L2796 | E50: SacredGame.Panel.html:L1796 | F50: Has receiver
A51: LMB-047 | B51: DOM id lookup | C51: action-zone | D51: SacredGame.Panel.html:L2579; SacredGame.Panel.html:L2594; SacredGame.Panel.html:L2604; SacredGame.Panel.html:L2648; SacredGame.Panel.html:L2707 | E51: SacredGame.Panel.html:L1664 | F51: Has receiver
A52: LMB-048 | B52: DOM id lookup | C52: adventure-row-top | D52: SacredGame.Panel.html:L2116 | E52: SacredGame.Panel.html:L1749 | F52: Has receiver
A53: LMB-049 | B53: DOM id lookup | C53: aria-announcer | D53: SacredGame.Panel.html:L2290 | E53: SacredGame.Panel.html:L1621 | F53: Has receiver
A54: LMB-050 | B54: DOM id lookup | C54: aria-live-narrator | D54: SacredGame.Panel.html:L2817 | E54: SacredGame.Panel.html:L1800 | F54: Has receiver
A55: LMB-051 | B55: DOM id lookup | C55: avatar-static-fallback | D55: SacredGame.Panel.html:L1921 | E55: SacredGame.Panel.html:L1674 | F55: Has receiver
A56: LMB-052 | B56: DOM id lookup | C56: bar-logic | D56: js/components/Component.LoadingModal.html:L532; js/components/Component.LoadingModal.html:L560; js/components/Component.LoadingModal.html:L594 | E56: js/components/Component.LoadingModal.html:L250 | F56: Has receiver
A57: LMB-053 | B57: DOM id lookup | C57: book-drag-handle | D57: SacredGame.Journal.html:L275 | E57: SacredGame.Journal.html:L203 | F57: Has receiver
A58: LMB-054 | B58: DOM id lookup | C58: book-resize-handle | D58: SacredGame.Journal.html:L276 | E58: SacredGame.Journal.html:L204 | F58: Has receiver
A59: LMB-055 | B59: DOM id lookup | C59: book-wrapper | D59: SacredGame.Panel.html:L2315; SacredGame.Journal.html:L274; SacredGame.Journal.html:L340; SacredGame.Journal.html:L382; SacredGame.Journal.html:L391; SacredGame.Journal.html:L431; SacredGame.Journal.html:L447; SacredGame.Journal.html:L456; SacredGame.Journal.html:L465; SacredGame.Journal.html:L475; SacredGame.Journal.html:L485; SacredGame.Journal.html:L516; SacredGame.Journal.html:L559; SacredGame.Journal.html:L586; SacredGame.Journal.html:L612 | E59: SacredGame.Journal.html:L202 | F59: Has receiver
... A155: LMB-151 | B155: Runtime service lookup | C155: WorldPlayer | D155: js/v2/Orchestrator.js:L1411; js/v2/UIModule.js:L231; js/v2/UIModule.js:L248 | E155: js/sanctuary/SanctuaryWorldPlayerShim.js:L44 | F155: Has receiver
A156: LMB-152 | B156: postMessage type | C156: ADD_PAGE | D156: SacredGame.Panel.html:L2367; SacredGame.Panel.html:L2414 | E156: js/components/Component.NewJournal.html:L1298; SacredGame.Journal.html:L504 (relay list) | F156: Has receiver | G156: Receiver may sit in another frame; both frames scanned
A157: LMB-153 | B157: postMessage type | C157: BOOT_ERROR | D157: index.html:L68 | E157: js/components/Component.LoadingModal.html:L500 | F157: Has receiver | G157: Receiver may sit in another frame; both frames scanned
A158: LMB-154 | B158: postMessage type | C158: CANVAS_CLICK | D158: SacredGame.Panel.html:L2896 | E158: index.html:L885 | F158: Has receiver | G158: Receiver may sit in another frame; both frames scanned
A159: LMB-155 | B159: postMessage type | C159: CLOSE_LOGBOOK | D159: SacredGame.Panel.html:L2067; SacredGame.Journal.html:L376 | E159: index.html:L716; SacredGame.Panel.html:L2065; SacredGame.Journal.html:L455 | F159: Has receiver | G159: Receiver may sit in another frame; both frames scanned
A160: LMB-156 | B160: postMessage type | C160: DO_OPEN_FLIP | D160: SacredGame.Journal.html:L350; SacredGame.Journal.html:L357 | E160: js/components/Component.NewJournal.html:L1238; SacredGame.Journal.html:L504 (relay list) | F160: Has receiver | G160: Receiver may sit in another frame; both frames scanned
A161: LMB-157 | B161: postMessage type | C161: FISH_ACTION | D161: SacredGame.Panel.html:L2553 | E161: index.html:L785 | F161: Has receiver | G161: Receiver may sit in another frame; both frames scanned
A162: LMB-158 | B162: postMessage type | C162: FORCE_OPEN_JOURNAL | D162: index.html:L689 | E162: SacredGame.Journal.html:L430; SacredGame.Panel.html:L2224 (relay list) | F162: Has receiver | G162: Receiver may sit in another frame; both frames scanned
A163: LMB-159 | B163: postMessage type | C163: GO_TO_PAGE | D163: SacredGame.Panel.html:L2340; SacredGame.Journal.html:L436; SacredGame.Journal.html:L469; SacredGame.Journal.html:L479; SacredGame.Journal.html:L498 | E163: js/components/Component.NewJournal.html:L1243; SacredGame.Journal.html:L504 (relay list) | F163: Has receiver | G163: Receiver may sit in another frame; both frames scanned
A164: LMB-160 | B164: postMessage type | C164: JOURNAL_CLOSED | D164: SacredGame.Journal.html:L374 | E164: js/sanctuary/SanctuaryJournalBridge.js:L106; js/sanctuary/SanctuaryJournalBridge.js:L109; SacredGame.Panel.html:L2104 | F164: Has receiver | G164: Receiver may sit in another frame; both frames scanned
A165: LMB-161 | B165: postMessage type | C165: JOURNAL_OPENED | D165: SacredGame.Journal.html:L364 | E165: js/sanctuary/SanctuaryJournalBridge.js:L106; js/sanctuary/SanctuaryJournalBridge.js:L107; SacredGame.Panel.html:L2094 | F165: Has receiver | G165: Receiver may sit in another frame; both frames scanned
A166: LMB-162 | B166: postMessage type | C166: KEY_FORWARD | D166: SacredGame.Panel.html:L2024; SacredGame.Panel.html:L2731; SacredGame.Panel.html:L2740; SacredGame.Journal.html:L616; SacredGame.Journal.html:L620 | E166: SacredGame.Panel.html:L2459 | F166: Has receiver | G166: Receiver may sit in another frame; both frames scanned
A167: LMB-163 | B167: postMessage type | C167: LOGBOOK_ASPECT | D167: SacredGame.Journal.html:L244; SacredGame.Journal.html:L262 | E167: SacredGame.Journal.html:L504 (relay list) | F167: Has receiver | G167: Receiver may sit in another frame; both frames scanned
... A184: LMB-180 | B184: postMessage type | C184: VOLUME_CHANGE | D184: SacredGame.Panel.html:L2450; SacredGame.Panel.html:L2452 | E184: SacredGame.Panel.html:L2456 | F184: Has receiver | G184: Receiver may sit in another frame; both frames scanned
A185: LMB-181 | B185: window.* function call | C185: __regenerateBraziers | D185: js/sanctuary/SanctuaryToolPalette.js:L438 | E185: js/sanctuary/SanctuaryBraziers.js:L315 | F185: Has receiver
A186: LMB-182 | B186: window.* function call | C186: __regenerateDock | D186: js/sanctuary/SanctuaryToolPalette.js:L448 | E186: js/sanctuary/SanctuaryDock.js:L458 | F186: Has receiver
A187: LMB-183 | B187: window.* function call | C187: __regenerateTipiNpcs | D187: js/sanctuary/SanctuaryToolPalette.js:L433 | E187: js/sanctuary/SanctuaryTipiNpcs.js:L290 | F187: Has receiver
A188: LMB-184 | B188: window.* function call | C188: __regenerateTipis | D188: js/sanctuary/SanctuaryToolPalette.js:L428 | E188: js/sanctuary/SanctuaryTipis.js:L336 | F188: Has receiver
A189: LMB-185 | B189: window.* function call | C189: __sanctuaryFishingSpawnRipple | D189: js/sanctuary/SanctuaryFish.js:L1209; js/sanctuary/SanctuaryFish.js:L1258; js/sanctuary/SanctuaryFish.js:L1342; js/sanctuary/SanctuaryFishing.js:L2230 | E189: js/sanctuary/SanctuaryFishing.js:L991 | F189: Has receiver
A190: LMB-186 | B190: window.* function call | C190: __sanctuarySpawnBabyFish | D190: js/sanctuary/SanctuaryFish.js:L604; js/sanctuary/SanctuaryFishing.js:L2439 | E190: js/sanctuary/SanctuaryFish.js:L547 | F190: Has receiver
A191: LMB-187 | B191: window.* function call | C191: _v4CancelClickToMove | D191: js/sanctuary/SanctuaryFishing.js:L1521; js/sanctuary/SanctuaryFishing.js:L2641; js/sanctuary/SanctuaryKeyboardLook.js:L80; js/sanctuary/SanctuaryKeyboardLook.js:L136; js/sanctuary/SanctuaryKeyboardLook.js:L170; index.html:L828; index.html:L904 | E191: js/sanctuary/SanctuaryClickToMove.js:L223 | F191: Has receiver
A192: LMB-188 | B192: window.* function call | C192: _v4SmartWalkTo | D192: index.html:L854; index.html:L858 | E192: js/sanctuary/SanctuaryClickToMove.js:L252 | F192: Has receiver
A193: LMB-189 | B193: window.* function call | C193: _v4StartFishing | D193: index.html:L832 | E193: js/sanctuary/SanctuaryFishing.js:L1272 | F193: Has receiver
A194: LMB-190 | B194: window.* function call | C194: _v4ToggleJournal | D194: js/sanctuary/SanctuaryControls.js:L246; index.html:L294; index.html:L661 | E194: index.html:L693 | F194: Has receiver
A195: LMB-191 | B195: window.* function call | C195: _v4TogglePanel | D195: js/sanctuary/SanctuaryControls.js:L241; index.html:L313; index.html:L791 | E195: index.html:L736 | F195: Has receiver
A196: LMB-192 | B196: window.* function call | C196: _v4ToggleTopDown | D196: index.html:L880 | E196: js/sanctuary/SanctuaryControls.js:L278 | F196: Has receiver
... A205: LMB-201 | B205: window.* function call | C205: toggleLogbook | D205: SacredGame.Panel.html:L2085; SacredGame.Panel.html:L2191; SacredGame.Panel.html:L2475; SacredGame.Panel.html:L2479; SacredGame.Panel.html:L2537; SacredGame.Journal.html:L425; SacredGame.Journal.html:L432; SacredGame.Journal.html:L449; SacredGame.Journal.html:L458; SacredGame.Journal.html:L466; SacredGame.Journal.html:L476; SacredGame.Journal.html:L486 | E205: SacredGame.Panel.html:L2565; SacredGame.Journal.html:L339 | F205: Has receiver

Sheet 50_Findings
A1: Findings
A2: Evidence line numbers are re-located by regex at every build; 'NOT FOUND' means the code moved
A4: Finding ID | B4: Severity | C4: Subsystem | D4: Finding | E4: Assumed | F4: Verified (mechanical) | G4: Evidence (file:line) | H4: Impact | I4: Fix | J4: Effort | K4: Plan step | L4: Status
A5: FND-01 | B5: Critical | C5: SUB-09 | D5: REG NPC is 1.94M triangles | E5: Seated NPC, one of three tipi owners; header says desktop loads REG at full detail. | F5: NPC.REG.glb = 1,942,136 tris, 18 primitives, 54 textures (~294 MB VRAM). ~48% of estimated boot triangles. | G5: js/sanctuary/SanctuaryTipiNpcs.js:L47 · js/sanctuary/SanctuaryTipiNpcs.js:L255 | H5: Vertex + skinning cost in main and PiP passes; largest single VRAM consumer. | I5: Swap to NPC.REG.lite.glb (60,410 tris, 66 MB) on desktop and NPC.REG.mobile.glb (31,096 tris, 18 MB) on mobile. | J5: S | K5: PLN-01 | L5: Fixed in code (PLN-01) — verify in browser
A6: FND-02 | B6: Critical | C6: SUB-10 | D6: Tipis use the 246k-triangle model ×3 | E6: Header: loads the same yellow-butterfly tipi as v2; mobile decimation script covers tipis. | F6: tipi.yellowbutterfly.glb = 245,880 tris, 4096² map; 3 clones at boot = 737,640 tris. Mobile swap set lists 'tipi.yellowbutterfly-compressed.glb', not the URL loaded, so mobile also gets full detail. | G6: js/sanctuary/SanctuaryTipis.js:L28 · js/v2/gltfLoaderSetup.js:L50 | H6: ~18% of boot triangles; mobile memory risk. | I6: Swap to tipi.yellowbutterfly.lite.glb (40,000 tris, 2048²) and .mobile.glb (14,998 tris, 1024²); add the loaded basename to MOBILE_GLB_VARIANTS. | J6: S | K6: PLN-02 | L6: Fixed in code (PLN-02) — verify in browser
A7: FND-03 | B7: High | C7: SUB-14 | D7: ~939 MB of texture VRAM at boot (desktop) | E7: Mobile cap at 256 px handles memory; desktop has headroom. | F7: Boot GLB textures sum to ~939 MB uncompressed with mips: REG 294, YB 256 (3×4096² on a 37k-tri NPC), Avatar-New 171, tipi 85, reeds 85 (4096² on a 10k-tri reed). | G7: js/v2/Orchestrator.js:L150 · js/sanctuary/SanctuaryTipiNpcs.js:L42 | H7: GPU memory pressure; doubled by the PiP second context (FND-04). | I7: Cap hero textures at 2048, props at 1024, small NPC parts at 512; consider KTX2/Basis. | J7: M | K7: PLN-03 | L7: Open
A8: FND-04 | B8: High | C8: SUB-05 | D8: PiP minimap is a second WebGL context | E8: PiP is a cheap minimap; throttled by RenderingGovernor stride. | F8: Desktop creates a 2nd WebGLRenderer with antialias + preserveDrawingBuffer; warm-up uploads every mesh and texture into it with culling off. | G8: js/v2/Orchestrator.js:L1114 · js/v2/Orchestrator.js:L1123 · js/v2/Orchestrator.js:L1179 | H8: Duplicate GPU memory for all assets; extra full-scene pass; MSAA buffer. | I8: Render PiP into the main canvas with setViewport + setScissor (one context). Interim: drop antialias and preserveDrawingBuffer. | J8: L | K8: PLN-05 | L8: Open
A9: FND-05 | B9: High | C9: SUB-05 | D9: PiP renders every frame in Village View | E9: RenderingGovernor is the single source of truth for PiP cadence (stride 16). | F9: The stride gate is skipped when body has v4-top-down-view, so Village View renders the scene twice per frame. | G9: js/v2/Orchestrator.js:L1406 | H9: Up to ~2× GPU work in the village-building screen. | I9: Apply the stride (or a dedicated village-view stride) in top-down mode. | J9: S | K9: PLN-06 | L9: Open
A10: FND-06 | B10: Medium | C10: SUB-05 | D10: Per-PiP-pass scene traversals and allocations | E10: PiP prep only toggles fog/background. | F10: Each PiP pass traverses the whole scene to zero uTime uniforms, allocates and adds an AmbientLight, and (fishing) runs ~40 string tests per object. | G10: js/v2/Orchestrator.js:L1465 · js/v2/Orchestrator.js:L1540 · js/v2/Orchestrator.js:L1319 | H10: CPU per PiP frame grows with scene size; GC churn. | I10: One shared time uniform; one cached ambient light toggled via layers; precomputed cull list. | J10: S | K10: PLN-06 | L10: Partly fixed (cached light + uniform cache); scan kept for non-close-up PiP
A11: FND-07 | B11: High | C11: SUB-04 | D11: ANU governors time JavaScript, not frames | E11: FrameBudget samples wall-clock frame duration. | F11: frameMs = performance.now() at loop start to after render calls: CPU submission only. GPU-bound frames read as OPTIMAL, so DPR and PiP never shed. | G11: js/v2/Orchestrator.js:L661 · js/v2/Orchestrator.js:L797 · js/v2/anu/FrameBudget.js:L18 | H11: Adaptive quality does not react to the real bottleneck (GPU). | I11: Feed the controllers the RAF-to-RAF interval (clock delta), optionally EXT_disjoint_timer_query for GPU time. | J11: S | K11: PLN-07 | L11: Open
A12: FND-08 | B12: Medium | C12: SUB-04 | D12: Three controllers fight over PiP stride | E12: RenderingGovernor is the single source of truth. | F12: AdaptiveRenderPolicy (1.4×/1.1× target), AnuAdaptiveDpr (1.0×, 1.3×) and the Orchestrator CRITICAL bypass (1.6×) all change PiP cadence; shadows use a 4th threshold set (1.25×/1.6×). | G12: js/v2/anu/AdaptiveRenderPolicy.js:L59 · js/sanctuary/AnuAdaptiveDpr.js:L243 · js/v2/Orchestrator.js:L770 | H12: Oscillation and unpredictable quality; hard to tune. | I12: One controller owning DPR, PiP stride and shadow cadence with one hysteresis band. | J12: M | K12: PLN-07 | L12: Open
A13: FND-09 | B13: Medium | C13: SUB-03 | D13: Scene inventory walk every 120 frames, no live reader | E13: Inventory feeds ANU's live audit. | F13: captureSceneRenderInventory traverses the scene, calls getWorldPosition per object, builds and sorts rows every 120 frames. SCENE_INVENTORY_TICK has 0 live subscribers; snapshot is read only by on-demand debug APIs. | G13: js/v2/anu/SceneModelInventory.js:L11 · js/v2/Orchestrator.js:L821 | H13: Periodic CPU spike (~every 2 s at 60 FPS). | I13: Compute on demand (when AnuUniverse.report()/journal asks). | J13: S | K13: PLN-08 | L13: Open
A14: FND-10 | B14: Medium | C14: SUB-03 | D14: ANU InteractionBus is write-only in the live game | E14: ANU sees and coordinates every event via the bus. | F14: 11 live files dispatch; 0 live files subscribe (subscribers exist only in legacy v2 files). | G14: js/v2/anu/InteractionBus.js:L32 · js/v2/Flora.js:L718 | H14: Coordination happens through window globals instead (FND-11); bus adds cost without effect. | I14: Either route real coordination through the bus or treat it as debug-only. | J14: M | K14: PLN-12 | L14: Open
A15: FND-11 | B15: Medium | C15: SUB-02 | D15: 74 window globals are the real integration layer | E15: Scorecard dimension 3 rewards 'no silent globals'; RuntimeServices is the service registry. | F15: Live modules write the window.* names listed in 41_Globals; only 4 runtime services are registered. | G15: js/v2/Orchestrator.js:L701 · js/v2/RuntimeServices.js:L57 | H15: Hidden coupling; hard to reason about; easy to break silently. | I15: Promote the top cross-module globals to RuntimeServices with contracts. | J15: L | K15: PLN-12 | L15: Open
... A48: FND-44 | B48: High | C48: SUB-05 | D48: PiP cameras enable layer 0, so the minimap redraws every default object | E48: layers.enable(1) marks what the minimap shows. | F48: Both PiP cameras enable layers 0, 1 and 3; layer 0 is every object's default. | G48: js/v2/Orchestrator.js:L1161 | H48: Second WebGL context renders the whole scene. | I48: Research rank 1: layer-only PiP; owner OK needed (PiP protect rule). | J48: M | K48: PLN-06 | L48: Open

Sheet 51_Assets
A1: Assets
A2: Measured with glbjson.mjs (gltf-transform + Draco decode); VRAM = w×h×4×1.333 per context
A4: Asset ID | B4: Path | C4: Loaded at boot | D4: Triangles (measured) | E4: Instances at boot (desktop) | F4: Boot triangles (desktop) | G4: Instances at boot (mobile) | H4: Largest texture (px) | I4: Textures | J4: Texture VRAM est. (MB) | K4: File (MB) | L4: Skinned | M4: Animations | N4: Referenced by (MOD IDs) | O4: Instance evidence | P4: Replaced asset (before) | Q4: Replaced triangles | R4: Replaced boot triangles | S4: Replaced VRAM (MB) | T4: Mobile variant (loader swap) | U4: Mobile triangles | V4: Mobile VRAM (MB) | W4: Findings
A5: AST-01 | B5: Assets/Avatar3.glb | C5: No | D5: 1956236 | E5: 0 | F5: =D5*E5 | G5: 0 | H5: 4096 | I5: 1 | J5: 85.3 | K5: 8.72 | L5: Yes | M5: 9 | N5: MOD-011, MOD-070, MOD-102 | O5: js/sanctuary/SanctuaryAvatar.js:L50 | R5: =IF(Q5="","",Q5*E5)
A6: AST-02 | B6: Assets/animated.stag.glb | C6: No | D6: 748456 | E6: 0 | F6: =D6*E6 | G6: 0 | H6: 512 | I6: 3 | J6: 4 | K6: 2.32 | L6: Yes | M6: 1 | N6: MOD-075, MOD-102 | O6: No load call found from an Active module (URL constant only). | R6: =IF(Q6="","",Q6*E6)
A7: AST-03 | B7: Assets/npc/Avatar-New.glb | C7: Yes | D7: 245991 | E7: 1 | F7: =D7*E7 | G7: 1 | H7: 4096 | I7: 2 | J7: 170.6 | K7: 11.44 | L7: Yes | M7: 9 | N7: MOD-011, MOD-070 | O7: js/sanctuary/SanctuaryAvatar.js:L49 | R7: =IF(Q7="","",Q7*E7) | W7: FND-29
A8: AST-04 | B8: Assets/Tipi.yellowbutterfly/tipi.yellowbutterfly.glb | C8: No | D8: 245880 | E8: 0 | F8: =D8*E8 | G8: 0 | H8: 4096 | I8: 1 | J8: 85.3 | K8: 1.45 | M8: 0 | N8: MOD-068, MOD-082, MOD-102 | O8: Replaced at boot by Assets/Tipi.yellowbutterfly/tipi.yellowbutterfly.lite.glb (PLN-02); URL constant may remain in legacy helpers. | R8: =IF(Q8="","",Q8*E8) | W8: FND-02
A9: AST-05 | B9: Assets/pond1.glb | C9: No | D9: 136410 | E9: 0 | F9: =D9*E9 | G9: 0 | H9: 4096 | I9: 2 | J9: 170.6 | K9: 6.97 | M9: 0 | N9: MOD-102 | O9: No load call found from an Active module (URL constant only). | R9: =IF(Q9="","",Q9*E9)
A10: AST-06 | B10: Assets/landscape-scenes/terrain/rock.mossy.glb | C10: No | D10: 112898 | E10: 0 | F10: =D10*E10 | G10: 0 | H10: 4096 | I10: 4 | J10: 87.3 | K10: 4.96 | M10: 0 | N10: MOD-074, MOD-102 | O10: No load call found from an Active module (URL constant only). | R10: =IF(Q10="","",Q10*E10)
A11: AST-07 | B11: Assets/NPC.BHG.glb | C11: Yes | D11: 104336 | E11: 1 | F11: =D11*E11 | G11: 1 | H11: 1024 | I11: 3 | J11: 16 | K11: 1.94 | L11: Yes | M11: 7 | N11: MOD-038, MOD-082, MOD-102 | O11: js/sanctuary/SanctuaryTipiNpcs.js:L43 | R11: =IF(Q11="","",Q11*E11)
A12: AST-08 | B12: Assets/NPC.REG.lite.glb | C12: Yes | D12: 60410 | E12: 1 | F12: =D12*E12 | G12: 1 | H12: 512 | I12: 54 | J12: 66 | K12: 5.36 | L12: Yes | M12: 6 | N12: MOD-038 | O12: js/sanctuary/SanctuaryTipiNpcs.js:L47 | P12: Assets/NPC.REG.glb | Q12: 1942136 | R12: =IF(Q12="","",Q12*E12) | S12: 293.9 | T12: Assets/NPC.REG.lite.mobile.glb | U12: 31096 | V12: 18
A13: AST-09 | B13: Assets/Tipi.yellowbutterfly/tipi.yellowbutterfly.lite.glb | C13: Yes | D13: 40000 | E13: 3 | F13: =D13*E13 | G13: 3 | H13: 2048 | I13: 1 | J13: 21.3 | K13: 0.49 | M13: 0 | N13: MOD-039 | O13: js/sanctuary/SanctuaryTipis.js:L260 | P13: Assets/Tipi.yellowbutterfly/tipi.yellowbutterfly.glb | Q13: 245880 | R13: =IF(Q13="","",Q13*E13) | S13: 85.3 | T13: Assets/Tipi.yellowbutterfly/tipi.yellowbutterfly.lite.mobile.glb | U13: 14998 | V13: 5.3
A14: AST-10 | B14: Assets/NPC.YB.glb | C14: Yes | D14: 37162 | E14: 1 | F14: =D14*E14 | G14: 1 | H14: 4096 | I14: 3 | J14: 255.9 | K14: 3.02 | L14: Yes | M14: 5 | N14: MOD-038, MOD-082, MOD-102, MOD-103 | O14: js/sanctuary/SanctuaryTipiNpcs.js:L42 | R14: =IF(Q14="","",Q14*E14)
A15: AST-11 | B15: Assets/tree.glb | C15: Yes | D15: 18918 | E15: 18 | F15: =D15*E15 | G15: 18 | H15: 1024 | I15: 5 | J15: 26.7 | K15: 6.74 | M15: 0 | N15: MOD-034, MOD-050, MOD-055, MOD-102, MOD-103 | O15: js/sanctuary/SanctuaryPondTrees.js:L50 | R15: =IF(Q15="","",Q15*E15)
A16: AST-12 | B16: Assets/flora/reeds.glb | C16: Yes | D16: 9912 | E16: 14 | F16: =D16*E16 | G16: 14 | H16: 4096 | I16: 1 | J16: 85.3 | K16: 0.75 | M16: 0 | N16: MOD-034, MOD-102 | O16: js/sanctuary/SanctuaryPondTrees.js:L46 | R16: =IF(Q16="","",Q16*E16) | W16: FND-43
A17: AST-13 | B17: Assets/rabbit.animated.glb | C17: No | D17: 4997 | E17: 0 | F17: =D17*E17 | G17: 0 | H17: 512 | I17: 1 | J17: 1.3 | K17: 0.14 | L17: Yes | M17: 1 | N17: MOD-054, MOD-102 | O17: No load call found from an Active module (URL constant only). | R17: =IF(Q17="","",Q17*E17)
A18: AST-14 | B18: Assets/axe.glb | C18: No | D18: 4958 | E18: 0 | F18: =D18*E18 | G18: 0 | H18: 512 | I18: 1 | J18: 1.3 | K18: 0.07 | M18: 0 | N18: MOD-082 | O18: No load call found from an Active module (URL constant only). | R18: =IF(Q18="","",Q18*E18)
A19: AST-15 | B19: Assets/bush.glb | C19: Yes | D19: 2552 | E19: 24 | F19: =D19*E19 | G19: 24 | H19: 1024 | I19: 1 | J19: 5.3 | K19: 0.87 | M19: 0 | N19: MOD-034, MOD-102 | O19: js/sanctuary/SanctuaryPondTrees.js:L51 | R19: =IF(Q19="","",Q19*E19)
A20: AST-16 | B20: Assets/Fish/fish.obj | C20: Yes | D20: 23466 | E20: 18 | F20: =D20*E20 | G20: 18 | I20: 0 | J20: 0 | K20: 1.06 | M20: 0 | N20: MOD-021 | O20: js/sanctuary/SanctuaryFish.js:L24 | R20: =IF(Q20="","",Q20*E20) | W20: FND-15
B22: Boot totals (desktop, default map; procedural geometry excluded) | F22: =SUM(F5:F20) | J22: =SUMPRODUCT((C5:C20="Yes")*J5:J20)
B23: Boot triangles BEFORE PLN-01 + PLN-02 (original REG + tipi) | F23: =F22-SUMPRODUCT((Q5:Q20<>"")*(F5:F20))+SUM(R5:R20)
B24: Texture VRAM BEFORE PLN-01 + PLN-02 (MB) | J24: =J22-SUMPRODUCT((S5:S20<>"")*(C5:C20="Yes")*J5:J20)+SUMPRODUCT((C5:C20="Yes")*(S5:S20<>"")*N(+S5:S20))

Sheet 52_Claims_vs_Verified
A1: Claims vs verified
A2: Zero-trust ledger — Stale/Contradicted rows must not be relied on
A4: Claim ID | B4: Source | C4: Claim (assumed) | D4: Mechanical verification | E4: Verdict | F4: Evidence
A5: CLM-01 | B5: README.md | C5: index.v2.html is the only HTML you should boot; js/v2 is canonical. | D5: Live game = index.html with 43 modules (36 from js/sanctuary). index.v2.html is the older v2 build linked from launch.html. | E5: Stale | F5: README.md:L47
A6: CLM-02 | B6: README.md | C6: npm test runs check:v2, check:assets, test:v2 smoke, test:fidelity. | D6: package.json test = check:v2 && check:assets && test:v4. No test:v2 or test:fidelity script exists. | E6: Stale | F6: package.json:L9
A7: CLM-03 | B7: PROGRESS.md | C7: Service Worker v9 caches all shell files. | D7: sw.js is a self-destruct kill switch; nothing is cached. | E7: Stale | F7: PROGRESS.md:L21
A8: CLM-04 | B8: SanctuaryAvatar.js header | C8: Loads Assets/Avatar3.glb (decimated to ~205k). | D8: Default URL is Assets/npc/Avatar-New.glb (245,991 tris). Avatar3.glb (1,956,236 tris) loads only with ?avatar=old. | E8: Stale | F8: js/sanctuary/SanctuaryAvatar.js:L49
A9: CLM-05 | B9: RenderingGovernor.js header | C9: Single source of truth for multi-pass WebGL / PiP cadence. | D9: Three controllers change PiP stride; Village View bypasses the stride entirely. | E9: Contradicted | F9: js/v2/Orchestrator.js:L1406
A10: CLM-06 | B10: FrameBudget.js header | C10: Wall-clock frame duration sampling. | D10: Receives JS time from loop start to after render submission; excludes GPU and idle time. | E10: Contradicted | F10: js/v2/Orchestrator.js:L797
A11: CLM-07 | B11: docs/SCORECARD.md dim 3 | C11: No silent globals. | D11: Live modules write many window.* globals (see 41_Globals). | E11: Contradicted | F11: docs/SCORECARD.md:L32
A12: CLM-08 | B12: Orchestrator.js header | C12: Benchmark FPS cost of every module in isolation. | D12: Benches run after all modules are active; values are not isolated. | E12: Contradicted | F12: js/v2/Orchestrator.js:L8
A13: CLM-09 | B13: scripts/decimate-mobile-assets.mjs | C13: Mobile variants cover the tipi. | D13: Covers tipi.yellowbutterfly-compressed.glb; live code loads tipi.yellowbutterfly.glb, so no mobile swap happens. | E13: Contradicted | F13: js/sanctuary/SanctuaryTipis.js:L28
A14: CLM-10 | B14: SanctuaryTipiNpcs.js (before PLN-01) | C14: REG is ~1.9M triangles and is skipped on mobile. | D14: Measured 1,942,136 tris. Superseded: lite model now loads on every device. | E14: Verified, then changed | F14: js/sanctuary/SanctuaryTipiNpcs.js:L255
A15: CLM-11 | B15: Orchestrator.js constructor | C15: Mobile: shadows off, DPR 1.0, texture cap 256 px. | D15: Present in code (not runtime-tested here). | E15: Verified (static) | F15: js/v2/Orchestrator.js:L140
... A27: CLM-15 | B27: Project description | C27: Village builder + hunting + fishing + crafting simulator. | D27: Fishing and village shaping exist; hunting and crafting have no code in the live build. | E27: Partly true | F27: js/sanctuary/SanctuaryInventory.js:L12

Sheet 60_Plan
A1: Plan
A2: Status is a dropdown — update it as work lands
A4: Plan ID | B4: Order | C4: Step | D4: Findings | E4: Files to change | F4: Acceptance test | G4: Status | H4: Notes
A5: PLN-01 | B5: 1 | C5: Swap REG to the lite/mobile models | D5: FND-01 | E5: js/sanctuary/SanctuaryTipiNpcs.js (REG_URL, mobile skip); js/v2/gltfLoaderSetup.js (MOBILE_GLB_VARIANTS); Assets/NPC.REG.lite.glb + .mobile.glb | F5: renderer.info.render.triangles drops by ≥1.8M on desktop; REG sits and animates (6 clips); REG appears on mobile. | G5: Done (code) — verify in browser | H5: Approved by user ('lets use those'). REG_URL → lite; mobile skip removed; loader swap set updated; mobile URL rewrite traced.
A6: PLN-02 | B6: 2 | C6: Swap tipis to the lite/mobile models | D6: FND-02 | E6: js/sanctuary/SanctuaryTipis.js (TIPI_GLB_URL); js/v2/gltfLoaderSetup.js (MOBILE_GLB_VARIANTS); Assets/Tipi.yellowbutterfly/*.lite/.mobile.glb | F6: Triangles drop by ~618k; tipi scale/placement unchanged (target height logic reads bbox). | G6: Done (code) — verify in browser | H6: TIPI_GLB_URL → lite; mobile swap traced to an existing file. Tipis 1–3 strip the texture by design.
A7: PLN-03 | B7: 3 | C7: Texture downsize pass | D7: FND-03 | E7: Assets: NPC.YB.glb, npc/Avatar-New.glb, flora/reeds.glb, pond-side rocks; scripts/ (reuse lite.mjs) | F7: Boot texture VRAM < 250 MB desktop (measured with glbjson.mjs). | G7: Not started
A8: PLN-04 | B8: 4 | C8: Decimate + instance the trout | D8: FND-15 | E8: Assets/Fish/fish.obj (new low-poly); js/sanctuary/SanctuaryFish.js | F8: Fish triangles < 40k total; one draw call for 18 trout. | G8: Not started
A9: PLN-05 | B9: 5 | C9: PiP on one WebGL context | D9: FND-04 | E9: js/v2/Orchestrator.js (_ensurePipPipeline, _renderWithMask, _renderPip); index.html PiP DOM | F9: One WebGL context in chrome://gpu / document canvases; minimap identical; PiP invariant rule respected. | G9: Awaiting approval | H9: Touches the protected PiP — needs explicit user approval (sacred-pip-map-protect).
A10: PLN-06 | B10: 6 | C10: PiP quick wins | D10: FND-05, FND-06 | E10: js/v2/Orchestrator.js (_renderPip stride gate, _preparePipScene, _stashAnuCullablesForPipRender, renderer options) | F10: PiP renders ≤ every 4th frame in Village View; no per-pass traverse; no AmbientLight allocation. | G10: In progress | H10: Done: PIP_FRAME removed, preserveDrawingBuffer false, fishing scan skip, cached light, uniform cache (user asked to super-cull the PiP). Open: Village View stride.
A11: PLN-07 | B11: 7 | C11: One frame-clock controller | D11: FND-07, FND-08 | E11: js/v2/Orchestrator.js (_loop); js/v2/anu/FrameBudget.js; AdaptiveRenderPolicy.js; js/sanctuary/AnuAdaptiveDpr.js | F11: Under an artificial GPU load, DPR steps down within 2 s; no stride oscillation. | G11: Not started
A12: PLN-08 | B12: 8 | C12: Scene inventory on demand | D12: FND-09 | E12: js/v2/Orchestrator.js; js/v2/anu/SceneModelInventory.js | F12: No 120-frame periodic task in a Performance trace; AnuUniverse.report() still returns inventory. | G12: Not started
A13: PLN-09 | B13: 9 | C13: Move pipelineMemory out of the runtime bundle | D13: FND-12 | E13: js/v2/anu/pipelineMemory.js; js/v2/AnuModule.js | F13: Live import graph < 1.2 MB; AnuUniverse memory helpers still work in DevTools. | G13: Not started
A14: PLN-10 | B14: 10 | C14: Asset-only caching service worker | D14: FND-13 | E14: sw.js; index.html registration | F14: Second visit loads GLBs from cache; code still network-first. | G14: Not started | H14: User previously directed NO caching — confirm before changing.
A15: PLN-11 | B15: 11 | C15: Fix or remove module benchmarks | D15: FND-14 | E15: js/v2/Orchestrator.js (bench methods) | F15: No misleading fpsCost in report(). | G15: Not started
A16: PLN-12 | B16: 12 | C16: Decide the bus/global contract | D16: FND-10, FND-11 | E16: js/v2/RuntimeServices.js; top globals in 41_Globals | F16: Top 10 cross-module globals have a registered service or a documented owner. | G16: Not started
A17: PLN-13 | B17: 13 | C17: Static shadow map | D17: FND-16 | E17: js/v2/Orchestrator.js (stress → shadow block); js/sanctuary/SanctuaryGround.js (key light) | F17: Shadow pass only on change; visuals unchanged. | G17: Not started
A18: PLN-14 | B18: 14 | C18: Small hot-loop cleanups | D18: FND-17, FND-18, FND-20 | E18: js/sanctuary/SanctuaryAvatar.js; SanctuaryFishing.js; mobile detection sites | F18: No per-frame allocations in Avatar update; no transmission pass. | G18: In progress | H18: Done: gauge transmission → standard transparent (FND-18).
A19: PLN-16 | B19: 16 | C19: Fishing render cost | D19: FND-18, FND-22, FND-28, FND-15 | E19: js/sanctuary/SanctuaryFishing.js; js/v2/Orchestrator.js; js/sanctuary/SanctuaryFish.js | F19: Fishing frame interval ≥ 30% shorter than baseline in a Performance trace; tipis/trees/NPCs stay visible (ATT-04). | G19: In progress | H19: Done: transmission pass removed, PiP scan skip. Open: DPR floor decision, trout decimation (PLN-04).
A20: PLN-17 | B20: 17 | C20: Restore journal command routing | D20: FND-23 | E20: js/sanctuary/SanctuaryJournalBridge.js; index.html | F20: Typing a command in the journal triggers its game event; START GAME and GREET HER work. | G20: Not started | H20: Port from index.v2.html handlers — read them first.
A21: PLN-18 | B21: 18 | C21: Fix limbo UI calls | D21: FND-24, FND-25, FND-27 | E21: js/sanctuary/SanctuaryToolPalette.js; index.html; js/v2/WorldStructures.js | F21: limbo.py shows no LIMBO for these names. | G21: Not started
A22: PLN-19 | B22: 19 | C22: Update PiP protect rule selector | D22: FND-26 | E22: .cursor/rules/sacred-pip-map-protect.mdc | F22: Rule names #v2-pip-canvas / #pip-compass-wrapper. | G22: Not started
A23: PLN-20 | B23: 20 | C23: Lite avatar | D23: FND-29 | E23: Assets/npc/Avatar-New.glb → lite; js/sanctuary/SanctuaryAvatar.js | F23: Avatar ≤ 50k tris, 9 clips intact, skincheck + raster preview pass. | G23: Not started | H23: Same pipeline as PLN-01.
A24: PLN-21 | B24: 21 | C24: Pond & fishing change cards C-01..C-09 | D24: FND-15, FND-32, FND-33, FND-34, FND-35, FND-36, FND-37, FND-38, FND-39, FND-40, FND-41, FND-42 | E24: js/sanctuary/SanctuaryFishing.js; SanctuaryFish.js; SanctuaryPool.js; SanctuaryDock.js; SanctuaryCircles.js; new js/sanctuary/mergeStatic.js (from tools/decision-engine/proposals/) | F24: Census pond total 799 → 285 after C-04..C-07; merge tests exit 0; patchcheck dead count never rises; renderer.info.memory flat after 5 catches (C-01). | G24: Not started (proposals proven in Node) | H24: One card per commit; follow the playbook's Do-not lists. C-10 items wait for the owner.
A25: PLN-15 | B25: 15 | C25: Correct README / CONTRIBUTING | D25: FND-19 | E25: README.md; CONTRIBUTING.md; PROGRESS.md | F25: Docs match 10_System facts. | G25: Not started

Sheet 61_Decision_Log
A1: Decision log
A2: How decisions were made in this work
A4: Decision ID | B4: Decision | C4: Reason | D4: How verified | E4: Related
A5: DEC-01 | B5: Treat index.html as the live entry, not index.v2.html | C5: GitHub Pages serves index.html; it imports js/sanctuary; README says otherwise. | D5: Import-graph walk from both entry pages (extract.py). | E5: CLM-01
A6: DEC-02 | B6: Classify file status by import reachability, never by comments | C6: Zero-trust instruction; comments drift. | D6: extract.py reachability from index.html and index.v2.html. | E6: 30_Modules
A7: DEC-03 | B7: Estimate boot triangles from measured GLB tris × instance counts in code | C7: No browser available (Playwright Chromium download blocked by the network allowlist). | D7: glbjson.mjs + instance constants (TREE_COUNT, BUSH_COUNT, REED_PATCHES, FISH_COUNT, tipi clones). | E7: 51_Assets
A8: DEC-04 | B8: REG targets: 60k tris / 512 px desktop, 31k / 256 px mobile | C8: Seated ~1 m NPC; YB is 37k tris; 54 maps across 18 materials dominate VRAM. | D8: skincheck.mjs (41 joints, weights sum to 1, 6 clips) + raster.py preview vs original. | E8: FND-01
A9: DEC-05 | B9: Tipi targets: 40k tris / 2048 px desktop, 15k / 1024 px mobile | C9: Tipi is ~3 m and close to camera; keep texture detail higher than NPC parts. | D9: raster.py per-pixel preview vs original. | E9: FND-02
A10: DEC-06 | B10: Do not change game code without approval | C10: User asked to plan the swap; repo scope-lock rule; PiP invariant. | D10: — | E10: 60_Plan
A11: DEC-07 | B11: Deliver the workbook as .xlsx | C11: No spreadsheet artifact type is offered in this session. | D11: Artifact type listing. | E11: 00_Index
A12: DEC-08 | B12: Revert the package-lock.json rename instead of committing it | C12: Side effect of npm install in a differently named folder; scope lock. | D12: git diff showed only the name field. | E12: —
A13: DEC-09 | B13: Record comments as 'Assumed', measurements as 'Verified' | C13: Zero-trust mode. | D13: Column split in 30_Modules, 20_Subsystems, 50_Findings. | E13: —
A14: DEC-11 | B14: Name mobile files *.lite.mobile.glb | C14: The existing mobileGlbUrl rewrite (.glb → .mobile.glb) then works with no loader code change. | D14: trace/m.cjs: desktop and iPhone UA rewrite to files that exist. | E14: PLN-01, PLN-02
A15: DEC-12 | B15: PiP render-path edits are approved | C15: User asked to super-cull the PiP; that satisfies sacred-pip-map-protect. | D15: — | E15: PLN-06
... A22: DEC-10 | B22: Use per-pixel rasterization for low-poly previews | C22: Centroid sampling made big triangles look blotchy and would mislead. | D22: raster.py vs render.py side by side. | E22: FND-01, FND-02

Sheet 62_Review_Playbook
A1: Mechanical review playbook
A2: Zero-trust: run the check, do not trust the last result blindly
A4: Review ID | B4: Symptom | C4: Subsystem | D4: Penetration point | E4: Mechanical check | F4: Last result
A5: RVW-01 | B5: Low FPS in Village View | C5: SUB-05 | D5: js/v2/Orchestrator.js:L1392 | E5: In DevTools: watch anuOrchestrator._pipRenderedLastFrame for 60 frames with body.v4-top-down-view set. | F5: Code path renders every frame in top-down (FND-05).
A6: RVW-02 | B6: FPS low but ANU reports OPTIMAL | C6: SUB-04 | D6: js/v2/Orchestrator.js:L799 | E6: Compare 1/clock delta (anuOrchestrator.rawFPS) with 1000/AnuUniverse.budget avgMs; Performance panel GPU track. | F6: Governor input is JS-only time (FND-07).
A7: RVW-03 | B7: Triangle count too high | C7: SUB-14 | D7: 51_Assets | E7: node tools/decision-engine/glbjson.mjs out.json <glbs> ; in game: anuOrchestrator.renderer.info.render.triangles | F7: Boot estimate 4.03M; REG + tipis = 66%.
A8: RVW-04 | B8: Mobile crash / page reload | C8: SUB-14 | D8: js/v2/gltfLoaderSetup.js:L52 | E8: For each URL in 51_Assets 'Loaded at boot', check its basename is in MOBILE_GLB_VARIANTS or the module skips it on mobile. | F8: Tipi URL missing from the set (FND-02).
A9: RVW-05 | B9: Periodic hitch every ~2 s | C9: SUB-03 | D9: js/v2/Orchestrator.js:L819 | E9: Performance trace: long tasks spaced 120 frames apart; temporarily set the interval huge and compare. | F9: Code path confirmed; not profiled (FND-09).
A10: RVW-06 | B10: Module fpsCost numbers look wrong | C10: SUB-02 | D10: js/v2/Orchestrator.js:L486 | E10: Check index.html: are all activate() calls before orc.start()? | F10: Yes — benches are not isolated (FND-14).
A11: RVW-07 | B11: ANU event fires but nothing reacts | C11: SUB-03 | D11: js/v2/anu/InteractionBus.js:L18 | E11: grep -rn 'subscribeInteraction(' over files with status Active/Imported in 30_Modules. | F11: 0 live subscribers (FND-10).
A12: RVW-08 | B12: A global changes unexpectedly | C12: SUB-02 | D12: 41_Globals | E12: Find the name in 41_Globals → writers column → grep 'window.<name>\s*=' in those files. | F12: Registry built by extract.py.
A13: RVW-09 | B13: Swapped model breaks animation | C13: SUB-09 | D13: js/sanctuary/SanctuaryTipiNpcs.js:L79 | E13: node tools/decision-engine/skincheck.mjs <orig.glb> <new.glb> — joints, weight sums, clip names must match. | F13: REG lite/mobile: 41 joints, 6 clips, weight deviation ≤ 0.0004.
A14: RVW-10 | B14: Decimated model looks wrong | C14: SUB-14 | D14: 51_Assets | E14: node tools/decision-engine/dump.mjs <glb> <dir> ; python3 -I tools/decision-engine/raster.py <dir> out.png title | F14: REG and tipi previews delivered (reg_compare.png, tipi_compare.png).
A15: RVW-11 | B15: New module added but nothing happens | C15: SUB-01 | D15: index.html:L451 | E15: Check both orc.register(X) and await orc.activate('<name>') exist and are not commented; rerun extract.py → 30_Modules status. | F15: SanctuaryHexGrid is registered but its activate line is commented out.
... A21: RVW-17 | B21: GPU memory grows during play | C21: SUB-11 | D21: js/sanctuary/SanctuaryFishing.js:L2723 | E21: Console: anuOrchestrator.renderer.info.memory before/after 5 catches; grep every .remove( of a mesh for a matching dispose, and every material.dispose() for its .map. | F21: material.dispose() never frees textures.

Sheet 63_Attempts_Ledger
A1: Attempts ledger
A2: Shared by every agent: append a row for every attempt, success or failure
A4: Attempt ID | B4: Date | C4: Agent | D4: Area | E4: What was tried | F4: Result | G4: Evidence | H4: Do not retry | I4: Lesson
A5: ATT-01 | B5: 2026-05-09 | C5: Previous agent | D5: Journal | E5: Kill the journal's GL context (iframe → about:blank on close) | F5: Reverted (98c4819): slow load + broken journal | G5: d0f7895, 466fa8d → 98c4819 | H5: Yes | I5: Journal must stay loaded.
A6: ATT-02 | B6: 2026-05-26 | C6: Previous agent | D6: Flora | E6: V2_FLORA_MAX_TREE_INSTANCES = 0 | F6: Failed: ≤0 disables the cap → ~3M tris; reset to 260 | G6: docs/INCIDENT_REPORT_2026_05_26.md | H6: Yes | I6: Never set the cap ≤ 0.
A7: ATT-03 | B7: 2026-05-26 | C7: Previous agent | D7: Repo | E7: git restore . && git clean -fd to 'clean' a bad agent's work | F7: Failed: destroyed the user's uncommitted work + 60 files | G7: docs/INCIDENT_REPORT_2026_05_26.md | H7: Yes | I7: No destructive git, ever.
A8: ATT-04 | B8: 2026-05-29 | C8: Previous agent | D8: Fishing | E8: Hide everything beyond 16 m while fishing | F8: Reverted (92a1163): tipis, trees, NPCs vanished; radius 70 m + exclusions | G8: 92a1163 | H8: Yes | I8: Fishing culling must be view-based only.
A9: ATT-05 | B9: 2026-05-27 | C9: Previous agent | D9: PiP | E9: Unthrottle PiP + semantic culling + hologram theme | F9: Partly reverted: hologram removed (47424db); tree culling undone (5bf2db8) | G9: 049c9a1 → 47424db, 5bf2db8 | H9: Yes | I9: Trees and bushes must show in the minimap in normal view.
A10: ATT-06 | B10: 2026-05-28 | C10: Previous agent | D10: Fishing | E10: Hide dial koi / player border / gauge rim while fishing | F10: Reverted (6204233) on user push-back | G10: 6204233 | H10: Yes | I10: Keep player border visible; recolour instead.
A11: ATT-07 | B11: 2026-05-29 | C11: Previous agent | D11: Maps | E11: Change the default map on load (scene0/scene1), force-reset localStorage | F11: Reverted 3× the same day | G11: a4fbc78, 5e06b8c → 15a7e16, c83d57c, 491295f | H11: Yes | I11: Ask the user before touching the default map.
A12: ATT-08 | B12: 2026-05-29 | C12: Previous agent | D12: Avatar | E12: Turn avatar 180° to fix start orientation | F12: Reverted | G12: 9900df1 | H12: Yes
A13: ATT-09 | B13: 2026-05-28 | C13: Previous agent | D13: Pool | E13: Water clarity bundle + remove moss tufts | F13: Reverted | G13: de3c912 → d8ee422 | H13: Yes
A14: ATT-10 | B14: 2026-05-30 | C14: Previous agent | D14: Hex grid | E14: Gold 3D hex lines / invisible overlay | F14: Removed (a51037c) / reverted (58d4372); seams live in the terrain shader; SanctuaryHexGrid activation commented out | G14: a51037c, 58d4372 | H14: Yes | I14: Do not reactivate SanctuaryHexGrid without asking.
A15: ATT-11 | B15: 2026-05-31 | C15: User directive | D15: Service worker | E15: Caching service worker | F15: Replaced by self-destruct kill switch on request | G15: 53b7422 | H15: Yes | I15: No caching without the user's OK (PLN-10).
A16: ATT-12 | B16: 2026-06-01 | C16: Previous agent | D16: Mobile | E16: Second WebGL context for PiP on iOS | F16: Failed: context limit / blank screen; mobile uses main-context render target | G16: e377f7c | H16: Yes | I16: Never a 2nd WebGL context on mobile.
A17: ATT-13 | B17: 2026-06-01 | C17: Previous agent | D17: Mobile | E17: Full-scene geometry warm-up on mobile | F17: Failed: 'can't load WebGL'; skipped on mobile | G17: git log 2026-06-01 | H17: Yes
A18: ATT-14 | B18: 2026-06-01 | C18: Previous agent | D18: Mobile | E18: Cap mobile textures at 256 px at upload | F18: Worked: stopped iOS OOM | G18: git log 2026-06-01 | H18: No | I18: Keep.
A19: ATT-15 | B19: 2026-10-22 | C19: Claude | D19: Tooling | E19: Install Playwright Chromium to run the game headless | F19: Failed: browser download blocked by the network allowlist | G19: npx playwright install | H19: Yes | I19: Use static gates + offline raster checks here; runtime checks happen on the user's machine.
A20: ATT-16 | B20: 2026-10-22 | C20: Claude | D20: Tooling | E20: Parse gltf-transform inspect CSV | F20: Failed: output is tables; replaced by glbjson.mjs (NodeIO) | G20: glbjson.mjs | H20: Yes
A21: ATT-17 | B21: 2026-10-22 | C21: Claude | D21: Previews | E21: Centroid-sampled preview of decimated models | F21: Misleading: big triangles looked blotchy; replaced by per-pixel raster.py | G21: raster.py | H21: Yes
A22: ATT-18 | B22: 2026-10-22 | C22: Claude | D22: Tooling | E22: Stub navigator by assignment in Node 22 | F22: Failed silently (read-only global); use Object.defineProperty | G22: trace/m.cjs | H22: Yes
A23: ATT-19 | B23: 2026-10-22 | C23: Claude | D23: Limbo tracer | E23: Line-based regex over live code | F23: False positives: multi-line calls, comments, prose file, relay lists, nested frames; fixed | G23: limbo.py | H23: Yes | I23: Keep full-text + comment filter + relay lists + nested frames.
A24: ATT-20 | B24: 2026-10-22 | C24: Claude | D24: REG | E24: REG lite with 1024 px textures | F24: Too heavy: 198 MB VRAM; 512 px → 66 MB | G24: lite.mjs | H24: Yes
A25: ATT-21 | B25: 2026-10-22 | C25: Claude | D25: REG + tipi | E25: Swap to lite models (PLN-01/02) | F25: Done in code; static gates + URL trace pass; not runtime-tested | G25: SanctuaryTipiNpcs.js, SanctuaryTipis.js, gltfLoaderSetup.js | H25: No | I25: Verify in browser: seats, scale, animation, mobile.
A26: ATT-22 | B26: 2026-10-22 | C26: Claude | D26: PiP | E26: Remove PIP_FRAME, preserveDrawingBuffer false, skip fishing scan, cache light + time uniforms | F26: Done in code; not runtime-tested | G26: Orchestrator.js | H26: No | I26: Verify minimap holds its frame between strides.
A27: ATT-23 | B27: 2026-10-22 | C27: Claude | D27: Fishing | E27: Gauge transmission → transparent standard material | F27: Done in code; visual check needed | G27: SanctuaryFishing.js | H27: No | I27: If the dial looks wrong, revert this one material only.
A28: ATT-24 | B28: 2026-10-22 | C28: Coder 1 | D28: PiP | E28: Line audit of Finding 2 + four new observations | F28: All claims re-verified by Claude | G28: CLM-16..20 | H28: No
A29: ATT-25 | B29: 2026-10-22 | C29: Claude | D29: Fish | E29: Count fish.obj triangles with awk | F29: Wrong: CRLF line endings → 23,466; OBJLoader count is 15,644 (7,822 quads) | G29: FND-15 | H29: Yes | I29: Count geometry with a real loader or the census, never awk on OBJ.
A30: ATT-26 | B30: 2026-10-22 | C30: Claude | D30: Tooling | E30: Run sanctuary load() in Node via node_stage.mjs | F30: Worked after fixes: line-anchored import rewrite (comments derailed regex), Request/ProgressEvent/addEventListener/img-load stubs, console silenced for clean JSON | G30: node_stage.mjs, scene_census.mjs | H30: No | I30: Pool module is a singleton: reuse the first scene; run from repo root.
A31: ATT-27 | B31: 2026-10-22 | C31: Claude | D31: Merge test | E31: Exact string compare of baked vertices | F31: Failed: float32 rounding flips; replaced by spatial-hash tolerance match (1e-4 m) | G31: test_mergeStatic.mjs | H31: Yes
A32: ATT-28 | B32: 2026-10-22 | C32: Claude | D32: Merge | E32: mergeStaticChildren on lilies, rocks, dock, turtle | F32: Worked in Node: 799 → 285 pond draws, identical geometry/colour; NOT yet in the game | G32: test_mergeStatic.mjs, test_mergeOthers.mjs | H32: No | I32: Ship via PLN-21 cards, one per commit.
A33: ATT-29 | B33: 2026-10-22 | C33: Claude | D33: Merge | E33: mergeStaticChildren on frogs (tint as vertex colour, tongue/leg_ skipped) | F33: No gain: 160 → 160 (every part has its own material params) | G33: test_mergeOthers.mjs | H33: Yes | I33: Frogs need shared materials or BatchedMesh first (C-10 #3).
A34: ATT-30 | B34: 2026-10-22 | C34: Claude | D34: Tooling | E34: node glbjson.mjs Assets/flora/reeds.glb (input passed first) | F34: Damage: argv[2] is the OUTPUT — reeds.glb overwritten; restored with git checkout; guard added (refuses non-.json output) | G34: glbjson.mjs | H34: Yes | I34: Read a tool's usage line before running it on assets; check git status after.

Sheet 70_Session_Log
A1: Session log
A2: Newest last
A4: Log ID | B4: Date | C4: What | D4: State | E4: Pointer
A5: LOG-01 | B5: 2026-10-22 | C5: Cloned repos; identified SacredAdventures as the game; wrote claude/game-briefing.md to the project. | D5: Done
A6: LOG-02 | B6: 2026-10-22 | C6: Forensic pass on ANU + render loop (Orchestrator, anu/*, AnuAdaptiveDpr, module updates). | D6: Done | E6: 50_Findings
A7: LOG-03 | B7: 2026-10-22 | C7: Measured every live GLB (tris, textures, VRAM). | D7: Done | E7: 51_Assets
A8: LOG-04 | B8: 2026-10-22 | C8: Started 'ANU Performance Forensic' doc; filled Bottom line + PiP sections. Bottom-line numbers (3.6M, 74%) predate fish.obj measurement — correct to 4.03M / 66%. | D8: In progress | E8: Doc sections 2,3,5–9 pending
A9: LOG-05 | B9: 2026-10-22 | C9: Built NPC.REG lite/mobile and tipi lite/mobile; verified rig + previews; delivered files. | D9: Done | E9: PLN-01, PLN-02
A10: LOG-06 | B10: 2026-10-22 | C10: Built this Decision Engine workbook from extract.py output. | D10: Done | E10: 00_Index
A11: LOG-07 | B11: 2026-10-22 | C11: Coder 1 report on Finding 2 received; every claim re-verified (CLM-16..20). | D11: Done | E11: 52_Claims_vs_Verified
A12: LOG-08 | B12: 2026-10-22 | C12: Built limbo.py tracer; found journal commands, GENERATE SCENE steps and PiP toggle in limbo. | D12: Done | E12: 44_Limbo_Calls
A13: LOG-09 | B13: 2026-10-22 | C13: Applied PLN-01/02 (lite REG + tipi), PiP quick wins and gauge material swap. Static gates pass; not runtime-tested (no browser here). | D13: Done (code) | E13: 60_Plan
A14: LOG-10 | B14: 2026-10-22 | C14: NEXT: in-browser check of the swap and fishing view; decide DPR floor; PLN-17 journal routing; finish forensic doc. | D14: Next
